ID,SU
-,sajabana
-,dahdir
-,maenya
-,kapalang
-,ari
abad,
abadi,langgeng
abang,akang
abu,lebu
abu-abu,dawuk
acak,awut
acara,
acaranya,acarana
ada,aya
adalah,nyaéta
adanya,ayana
adapun,sedengkeun
adegan,
adik,adi
adil,
adu,
adu,abén
agak,rada
agama,ageman
agamanya,agamana
agar,ambéh
agenda,agénda
agung,
agustus,
ahad,
ahli,
air,cai
airmatanya,cipanonna
aja,waé
ajak,
ajakan,
ajaran,
ajudan,
akal,uteuk
akan,bakal
akan,baris
akar,
akhir,ahir
akhirat,ahérat
akhirnya,ahirna
akhirnya,pamustunganana
akibat,alatan
akibat,balukar
akibatnya,balukarna
akibatnya,matakna
aksara,
akses,aksés
aksesnya,aksésna
aksi,
aksinya,aksina
aktif,aktip
aktifkan,aktipkeun
aktivitasnya,kagiatanana
aku,kuring
akun,rekening
akur,
alam,
alamat,
alamatnya,alamatna
alasan,alesan
alasan,ékol
alasannya,alesanna
alat,pakakas
album,albeum
alias,landian
alih,
alis,halis
alkohol,
alu,halu
aman,
amanah,amanat
amanat,
amarah,
amati,titénan
ambil,cokot
amblas,ambles
ambulans,ambulan
ampas,hampas
amplop,
amunisi,
anak,pecil
anak,cucu
anak,anak
anak-anak,barudak
anakku,anaking
anaknya,anakna
analisis,
ancaman,anceman
ancamnya,ancemna
ancang-ancang,awahan
anda,anjeun
aneh,ahéng
aneh-aneh,ararahéng
aneka,rupa-rupa
anggapan,
anggaran,
anggota,
anggotanya,anggotana
angin,
angin,angin
angka,
angkasa,jomantara
angkatan,
angklung,
angsa,soang
aniaya,kaniaya
animasi,
anjing,
antara,antara 
antaranya,antarana
anti,
anting,kurabu
antri,ngantay
antri,untuy
anugerah,kasinugrahan
anugrah,kasinugrahan
anus,bool
apa,naon
apa-apa,nanaon
apabila,lamun
apakah,naha
apakan,naonkeun
apalagi,upadi
apalagi,angot
apalagi,sumawona
apapun,naon ogé
aparat,
api,seuneu
apit,hapit
apotek,apoték
apotik,apoték
april,
arah,
arahan,
area,wewengkon
arena,aréna
armada,
arsip,
arsitek,arsiték
arti,harti
artikel,
artinya,hartina
arus,
asal,
asalnya,asalna
asap,haseup
asas,
asasi,
ashar,asar
asin,
asing,
asing,deungeun
asli,
asli,pituin
aslinya,aslina
asma,mengi
aspal,
aspek,aspék
asrama,
asri,
asyik,uplek
atap,hateup
atas,luhur
atasannya,saluhureunana
atasnya,luhurna
atau,atawa
ataukah,atawa
ataupun,atawa
atlet,atlét
aturan,
awal,mimiti
awalnya,mimitina
awalnya,awalna
awas,kadé
awet,awét
awut-awutan,pabaliut
ayah,abah
ayahnya,bapana
ayam,hayam
ayam,kotok
ayat,
ayo,hayu
bab,
babak,
babakan,
baca,maca
bacaan,
bada,sabada
badan,awak
badan,
badannya,awakna
bagaikan,kawas
bagaikan,lir
bagaimana,kumaha
bagaimanapun,kumaha ogé
bagi,pasi
bagi,bagé
bagi,pikeun
bagian,
bagus,alus
bahagia,bagja
bahan,
bahasa,basa
bahasanya,basana
bahkan,komo
bahwa,yén
baik,alus
baiklah,mangga
baiknya,alusna
bait,pada
baja,waja
bajakan,bajoan
bajigur,
baju,kaway
baju,acuk
baju,
bakal,bakal
bakalan,bakal
bakar,huru
bakar,duruk
bakar,beuleum
bakat,
bakti,baktos
bakul,boboko
balai,balé
balas,bales
balasan,balesan
balik,
baling-baling,kolécér
bambu,awi
bandel,liwar
banding,
banget,pisan
bangga,agul
bangga,reueus
bangganya,reueusna
bangkai,bugang
bangkit,ngoréjat
bangsa,
bangunan,wangunan
banjir,caah
bank,
banteng,banténg
banting,beubeut
banting,
bantingan,
bantu,
bantuan,
banyak,réa
banyak,loba
banyaknya,lobana
bapak,bapa
bapaknya,bapana
barang,
barangkali,sugan
barat,kulon
bareng,bareng
baret,barét
baris,jajar
baru,anyar
barunya,anyarna
barusan,cikénéh
basah,baseuh
basi,bari
basis,
basket,baskét
baso,
batal,bedo
batalkan,batalkeun
batang,
batas,wates
batasan,watesan
batu,
batuk-batuk,ngohkoh
bau,ambeu
bawa,
bawah,handap
bawang,
bayang-bayang,kalangkang
bayangkan,bayangkeun
bayarannya,bayaranana
bayi,orok
beban,beungbeurat
bebas,bébas
bebas,leupas
bebek,éntog
beber,dadar
beberapa,sababaraha
beberapa,sawatara
becek,bécék
becek,jeblog
beda,béda
beda,kacek
beda/berubah,géséh
bedak,wedak
bedanya,bédana
bedug,
bedugnya,bedugna
begini,kieu
begitu,kitu
begitulah,kitu pisan
bejat,bejad
bekal,bekel
bekas,urut
bekas,ruruntuk
bekasi,
bekerja,digawé
bekerjanya,damelna
bekerjasama,migawé bareng
belajar,diajar
belaka,wungkul
belakang,tukang 
belakangan,pandeuri 
belakangnya,tukangeunana
belalang,simeut
belanja,balanja
belasan,welasan
belepotan,lambokot
belerang,walirang
beli,beuli
beliau,anjeunna
belikat,walikat
belok,méngkol
belulang,sanggal
belum,tacan
belut,
benar,bener
benarnya,benerna
bencana,musibah
benci,ceuceub
benci,cua
benci,giruk
benda,barang
bendera,bendéra
bener,
bengkak,bareuh
bengkok,béngkok
bengong,hookeun
benih,binih
bening,wening
bening,hérang
bentol-bentol,baréntol
bentuk,wangun
bentukan,jieunan
bentuknya,bentukna
bepergian,ancrud
bepergian,ngaber
bepergian,indit-inditan
berada,aya
beradu,diadu
beragam,rupa-rupa
beragama,ngagem agama
berair,caian
berak,ngising
berak,éé
berakhir,lekasan
beraksi,boga aksi
beralih,pindah
berambut,rambutan
beranak,boga anak
berandal,baragajul
berangkat,indit
berani,wani
berani,ludeung
berantakan,bakrek
berantakan,bacacar
berantem,garelut
berapa,sabaraha
berapi,seuneuan
berarti,hartina
berarti,hartosna
beras,béas
berasal,asalna
berat,beurat
beratnya,abotna
berayun,gulawing
berayun-ayun,ngagabig
berbagai,sagala rupa
berbagi,babagi
berbahaya,picilakaeun
berbakti,bakti
berbalik,malik
berbantah,hoghag
berbantahan,padungdengan
berbarengan,babarengan
berbaring,ngedeng
berbaring,ngebog
berbaring,ngagolér
berbaris,ngajajar
berbau,kaangseu
berbayar,kudu mayar
berbeda,béda
berbekal,mawa bekel
berbelok-belok,arileu
berbentuk,ngawangun
berbicara,nyarita
berbicara,ngomong
berbisik,ngaharéwos
berbisnis,babalantik
berbondong-bondong,ngabrul
berbuat,migawé
berburu,moro
bercakap-cakap,ngobrol
bercampur,galo
berceceran,awér
berceceran,bayabah
bercengkrama,macangkrama
bercerai,pirak
bercerita,nyaritakeun
bercermin,ngeunteung
bercocok-tanam,tataman
berdandan,dangdan
berdarah,getihan
berdasar,dumasar
berdasarkan,dumasar
berdatangan,daratang
berdatangan,rajol
berdecak,macrek
berdehem,ngadéhém
berdekatan,padeukeut
berdelapan,dalapanan
berdering,ngirining
berdesing,ngahieng
berdiang,ngadéang
berdikari,macakal
berdiri,nangtung
berdiskusi,sawala
berdua,duaan
berduaan,paduduaan
berdurasi,boga durasi
berduyun-duyun,nakleuk
berebutan,pagorényang
beredar,medar
beredarnya,medarna
berempat,opatan
berenam,genepan
berenang,ngojay
berencana,boga rencana
beres,bérés
berformat,boga format
berfungsi,boga fungsi
bergabung,ngagabung
berganti,baganti
bergantian,gunta-ganti
bergantung,ngagantung
bergayut,burayot
bergelar,boga gelar
bergerak,usik
bergerigi,rérégéan
bergerombol,noyék
bergeser,menggok
bergidik,ngabirigidig
bergulir,ngagulundung
berguman,ngagereyem
bergumpal,ngadagleg
bergumul,muket
berguna,kapaké
berguncang,inggeung
berhadapan,pahareup-hareup
berhak,ngabogaan hak
berharap,ngaharepkeun
berhasil,laksana
berhasil,junun
berhasrat,boga hasrat
berhenti,eureun
berhenti,ngandeg
berhentilah,eureun
berhimpitan,padempét
berhubungan,nyambung
beri,béré
berikan,bikeun
berikut,katut
berikutnya,saterusna
berimanlah,iman
beringas,buringas
berisi,eusina
berisi,beuneur
berita,warta
berjaga,ngajaga
berjaga-jaga,ngajaga-jaga
berjalan,leumpang
berjanji,jangji
berjongkok,ngangkog
berjuang,bajoang
berjudul,dijudulan
berjumpa,paamprok
berjuntai,rambay
berjuntai,ngambay
berkaitan,patula-patali
berkali-kali,sababaraha-kali
berkarakter,boga sipat
berkas,
berkata,ngomong
berkecimpung,ancrub
berkedip,ngiceup
berkelahi,tarung
berkelahi,galungan
berkelana,ngalalana
berkeluh-kesah,rumahuh
berkembang,ngembang
berkerumun,rogrog
berkesempatan,boga kasempetan
berkesinambungan,sinambungan
berkibar,ngahibar
berkibarnya,hibarna
berkilauan,ngempur
berkisah,nyaritakeun
berkomentar,ngoméntaran
berkorban,ngorbankeun
berkuasa,ngawasa
berkumpul,ngariung
berkumpul,jarumpluk
berkumpul,ngariung
berkumpulnya,ngariungna
berkunjung,nganjang
berkurang,ngurangan
berlainan,nu béda
berlaku,lumaku
berlandaskan,dumasar kana
berlangsung,lumangsung
berlanjut,nerus
berlari,lumpat
berlarian,lulumpatan
berlatih,latihan
berlayar,balayar
berlebihan,kaleuleuwihan
berlepotan,caremot
berlima,limaan
berlipat,ngalipet
berlisensi,boga lisénsi
berlomba-lomba,paheula-heula
berlutut,deku
bermain,ulin
bermaksud,boga maksud
bermanfaat,méré mangpaat
bermigrasi,pindah
berminyak,lucir
bermuara,ngamuara
bermuatan,boga muatan
bermula,dimimitian
bermunculan,padamucunghul
bernama,ngaranna
bernapas,dami
berniaga,babalantik
berniat,boga niat
bernyanyi-nyanyi,karakawihan
berolahraga,ngolah raga
berpegang,nyekelan
berpendapat,boga pamadegan
berpengalaman,boga pangalaman
berpenghuni,dicicingan
berperilaku,milampah
berpesan,nalatahan
berpikir,mikir
berpindah,pindah
berpoligami,ngawayuh
berposisi,boga posisi
berpoténsi,boga poténsi
berpuasa,puasa
berputar,muter
bersahabat,soméah
bersahutan,patémbalan
bersalah,boga salah
bersama,babarengan
bersama-sama,babarengan
bersamaan,babarengan
bersatu,ngahiji
bersaudara,duduluran
bersebelahan,nyabeulahan
bersedia,daék
bersembilan,salapanan
bersembunyi,dempés
bersembunyi,nyumput
bersenggolan,pagilinggisik
bersenjata,nyekel pakarang
bersepuluh,sapuluhan
berserah,sumerah
berserakan,ambacak
berserakan,mayak
bersifat,boga sipat
bersih,
bersimpuh,andeprok
bersinar-sinar,marahmay
berskala,boga skala
bersoraklah,sarurak
bersujud,sumujud
bersungut-sungut,ngutruk
bertabrakan,tabrakan
bertahan,tahan
bertambah,nambahan
bertamu,natamu
bertandang,nyimpang
bertanding,tanding
bertanggung,tanggung
bertanggungjawab,tanggung jawab
bertanya,nanya
bertanya-tanya,nanya-nanya
bertata,boga tata
bertelepon,nelepon
berteman,ngabatur
bertemu,papanggih
bertemunya,paamprokna
bertengkar,paraséa
bertengkar,pecoh
bertentangan,teu saluyu
bertepatan,pas pisan
berterbangan,rabeng
berteriak,ceuceuleuweungan
berterimakasih,nganuhunkeun
bertiga,tiluan
bertolak,indit
bertolak-belakang,patukang-tonggong
bertugas,ngabogaan tugas
bertujuan,boga tujuan
bertujuh,tujuhan
berubah,robah
berudu,buruy
berujung,boga tungtung
berukuran,ukuranana
berulang-ulang,deudeuieun
berumput,jukutan
beruntung,nanjung
beruntung,boga untung
berupa,mangrupa
berupaya,narékahan
berurutan,runtuy
berusaha,usaha
berusia,umurna
berutang,nganjuk
bervariasi,variatif
berwarna,boga warna
berwatak,miboga watek
besan,warang
besar,badag
besar,gedé
besar,rongkah
besar-besaran,gegedéan
besarnya,gedéna
besarnya,badagna
beserta,bareng
beserta,reujeung
besi,beusi
besok,isuk
besok,isukan
betah,
betis,bitis
betul,bener
betul-betul,enyaan
biar,kajeun
biarkan,ingkeun
biasa,dawam
biasanya,biasana
biaya,waragad
biayanya,biayana
bibi,bibi
bibinya,bibina
bibir,biwir
bicara,ngomong
bicaranya,ngomongna
bidang,widang
bidik,kécéng
bidikan,kécéngan
bijaksana,wijaksana
bijan,wijén
biji,siki
bikin,nyieun
bila,lamun
bilang,ngomong
bilateral,
binatang,sato
bingung,katalimbeng
bingung,
bintang,béntang
bintara,
biru,bulao
bisa,wudu
bisa,bisa
bisik,haréwos
bisnis,
bisu,pégo
blak-blakan,togmol
blognya,blogna
blok,
bobol,bobok
bobot,momot
bocah,budak
bocor,
bodoh,belet
bogem,peureup
bohong-bohongan,wawadukan
bola,bal
boleh,kaci
bolong,tosblong
bolos,mangkir
bolos,
borong,bajong
boros,awuntah
bosan,bosen
brigade,
buah,
buahnya,buahna
buang,piceun
buatan,jieunan
buatan,jieunan
buaya,
bubar,buyar
bubungan,wuwungan
budaya,
bukan,lain
bukankah,lainna
bukanlah,lain
bukannya,lainna
bukit,pasir
bukti,
buku,
bukunya,bukuna
bulan,bulan 
bulanan,
bulat,buleud
bulutangkis,badminton
bumbu,samara
bumi,
buncit,gendol
bunda,indung
bundaran,bunderan
bunga,kembang
bungkam,bungkem
bungkam,balem
bungkuk,bongkok
bungkus,bulen
bungkus,tungkus
bungkus,
bungkusnya,bungkusna
bungsu,bungsu
bunyi,sada
buram,reueuk
bursa,
buruh,
buruk,goréng
burung,manuk
bus,beus
buta,lolong
butek,
butuh,perlu
butuhnya,perluna
buyar,puyar
cabai,cabé
cabang,
cacat,cacad
cadangan,sérép
cadangan,anco
cahaya,cahya
cair,éncér
cakap,rancagé
cakar,koét
cakupan,wengkuan
calon,
cambuk,pecut
campur,
campuran,
canggung,kaku
cangkul,pacul
cantik,geulis
caping,dudukuy
capung,papatong
cara,
cara,lingger
caranya,carana
cari,téang
catatan,catetan
cebok,isang
cedera,tatu
cegukan,sisidueun
cek,cék
cekung,kewung
celana,calana
celoteh,ngeceblek
cemberut,kuraweud
cemberut,bangkerut
cemburu,timburu
cenderung,condong
cengeng,épés méér
cepat,gancang
cepat-cepat,buru-buru
cepatlah,geuwat 
cerdas,calakan
cerewet,céréwét
ceria,marahmay
cerita,carita
ceriwis,ciriwis
cermin,eunteung
cetak,citak
cetakan,citakan
cetaknya,citakna
cibir,jebi
cincin,lélépén
cinta,tresna
cinta,
cinta,asih
cintai,cinta
ciprat,sebrét
ciprat,sebrut
ciprat,sebrot
cipta,
citra,wangwangan
ciut,ngeleper
coba,
cocok,cocog
coklat,
colok,
contoh,conto
contohnya,contona
copot,coplok
cuci,kumbah
cucu,incu
cukup,
cukuplah,cukup
cukur,paras
culik,
cuma,ngan
cuman,ngan
cungkil,cokél
curam,nangtawing
curam,nawing
curi,badog
dada,harigu
dadakan,ngadadak
daerah,wewengkon
daerah,daérah
daerahnya,daérahna
daftar,daptar
dagang,
dagangan,
daging,
dagu,gado
dahak,reuhak
dahlia,
dahulu,baréto
dahulu,tiheula
dahulu,baheula
dalam,jero
dalam,dina
dalamnya,jerona
damai,tengtrem
damar,
dampak,akibat
damping,sanding
dan,sarta
dana,
dangdut,
dangkal,déét
dapat,bisa
dapat,meunangkeun
dapur,pawon
darah,getih
darat,
daratan,
dari,ti
dari,tina
dari-nya,ti Mantenna
daripada,batan
daripada,tinimbang
dasar,
dasarnya,dasarna
data,
data-datanya,data-datana
datang,
datangnya,datangna
debug,nindes
dedak,dedek
dedaunan,dangdaunan
dekade,dékadeu
dekat,landes
dekat,deukeut 
delapan,dalapan
delegasi,
delta,bungin
demam,nyenyepan
demi,demi
demikian,kitu
demografi,démografi
demokrasi,démokrasi
demokrat,démokrat
demokratis,
dengan,kalawan
dengar,déngé
dengarkan,déngékeun
dengki,julig
depan,hareup 
depannya,hareupeunana
depot,dépot
dermaga,darmaga
dermawan,balabah
desa,désa
desain,
desainnya,desainna
desember,désémber
desing,hieng
destinasi,
detail,rinci
detik,
devisa,dévisa
dewa,déwa
dewan,déwan
déwasa,sawawa
di,di
di,dina
dia,manéhna
diacungi,diacungan
diadakan,diayakeun
diadakannya,diayakeunana
diadili,diadilan
diadopsi,
diadukan,dilaporkeun
diagram,
diajak,
diakhiri,ditungtungan
diakhiri,dipungkas
diakibatkan,dibalukarkeun
diaktifkan,diaktifkeun
diakui,diaku
diakuinya,diaku
dialah,manéhna
dialami,dialaman
dialaminya,kaalaman ku manéhna
dialihkan,dipindahkeun
diam,cicing
diam,répéh
diam-diam,rerencepan
diambil,dicokot
dianggap,
dianggarkan,dianggarkeun
diangkat,
diangkut,dikunjal
diantaranya,diantarana
dianut,
diapit,diaping
diarahkan,diarahkeun
diartikan,diartikeun
diasosiasikan,diasosiasikeun
diatasi,ditungkulan
diatur,
diaudit,
diawali,dimimitian
dibaca,
dibacakan,dibacakeun
dibagi,
dibagikan,dibagikeun
dibahas,
dibajak,dibajo
dibakukan,dibakukeun
dibalas,diganjar
dibanding,dibandingkeun
dibandingkan,dibandingkeun
dibangun,diwangun
dibantu,dibantuan
dibarengi,dibarengan
dibatasi,diwatesan
dibawa,
dibebani,dibeungbeuratan
dibebankan,dibeungbeuratkeun
dibebaskan,dileupaskeun
dibebaskan,dileupaskeun
dibeda-bedakan,dibéda-bédakeun
dibedakan,dibédakeun
dibekuk,ditéwak
dibeli,dibeuli
dibenarkan,dibenerkeun
dibentuk,dijieun
dibentuknya,diwangunna
diberantas,ditumpes
diberhentikan,dieureunkeun
diberi,dibéré
diberikan,dibikeun
diberitahu,dibéré nyaho
diberitahukan,dibéjakeun
diberitakan,kacaturkeun
diberitakan,diwartakeun
dibersihkan,dibersihkeun
dibiarkan,diingkeun
dibiasakan,dibiasakeun
dibicarakan,diomongkeun
dibidik,dikécéng
dibilang,diitung
dibolehkan,kaci
diboncengi,diboncéngan
dibongkar,dirakrak
dibuang,dipiceun
dibuat,dijieun
dibuatkan,dipangnyieunkeun
dibuktikan,dibuktikeun
dibungkus,
dibutuhkan,diperlukeun
dicampur,
dicanangkan,diémbarkeun
dicanangkanlah,diémbarkeun
dicapai,dihontal
dicari,ditéang
dicatat,dicatet
dicatat,dicatet
dicatatkan,dicatetkeun
dicegah,dipahing
dicicil,
diciptakan,diciptakeun
diciptakannya,diciptakeunana
diciumi,kalemoh
dicoba,
dicopot,dicoplok
didahulukan,diheulakeun
didampingi,diréndéngan
didapat,dipibanda
didapatkan,beunang
didasari,dumasar
didekati,dideukeutan
didesak,didesek
didikan,atikan
didiskusikan,dibadamikeun
didorong,disurungkeun
diduga,disangka
diduga,disangka
didukung,dirojong
diekstradisi,diékstradisi
diganjar,ginanjar
diganti,digantian
digantikan,digantikeun
digantung,
digarap,disambut
digarap(dibajak)sawah,sambut
digelar,dilaksanakeun
digelorakan,digalurakeun
digerebeg,
digeser-geser,digésér-gésér
digiling,
digital,
digonggongi,digogogan
digoreng,digoréng
digugah,dihudang
digulingkan,digulingkeun
digunakan,dipaké
digunakannya,dipakéna
diguncang,dioyag
dihadapi,disanghareupan
dihadiahi,dikadoan
dihadiran,diluuhan
dihadiri,dihadiran
diharapkan,diharepkeun
dihasilkan,dihasilkeun
dihentikan,dieureunkeun
dihiasi,dipapaésan
dihitung,diitung
dihormati,dipihormat
dihubungi,dihubungan
dihukum,
dihuni,dicicingan
diikuti,dituturkeun
diimbangi,diimbangan
diingat,diinget
diingatkan,diingetan
diinginkan ,dipikahayang
diinjak,diidek
diiringi,dipirig
diisi,dieusi
diizinkan,diidinan
dijadikan,dijadikeun
dijadikan-nya,dijadikeun-Na
dijahit,dikaput
dijalankan,dijalankeun
dijangjikan,dijangjian
dijatuhkan,digubragkeun
dijawab,ditémbalan
dijebloskan,diasupkeun
dijelaskan,dijelaskeun
dijemput,
dijual,
dijuluki,katelahna
dijumpai,ditepungan
dijunjung,dijungjung
dikabulkan,makbul
dikaitkan,dikaitkeun
dikalahkan,diéléhkeun
dikantongi,dikantongan
dikasih,dibéré
dikatakan,disebutkeun
dikecam,dicempad
dikecualikan,diiwalkeun
dikejar,diudag
dikejar-kejar,diudag-udag
dikelola,dikokolakeun
dikeluarkan,dikaluarkeun
dikemanakan,dikamanakeun
dikembalikan,dipulangkeun
dikembalikan,mulangkeun
dikemukakan,diungkabkeun
dikenal,dipikawanoh
dikenali,dipikawanoh
dikendalikan,dikadalikeun
dikendarai,ditumpakan
dikepung,ditingker
dikerahkan,dikaluarkeun
dikeringkan,digaringkeun
dikerjakan,dipigawé
dikerumuni,digembrong
diketahui,dipikanyaho
diketuai,dipupuhuan
dikirim,
dikirimkan,dikirimkeun
diklat,
dikompilasi,
dikontrak,
dikontrakkan,dikontrakkeun
dikoordinasikan,dikoordinasikeun
dikorek-korek,dikorék-korék
dikoreksi,dibenerkeun
dikosongkan,dikosongkeun
dikuasai,dikawasa
dikuasainya,dikawasana
dikunjungi,didatangan
dikuras,dibedahkeun
dilakoni,dilakonan
dilaksanakan,dilaksanakeun
dilakukan,dipigawé
dilakukannya,dipigawé ku manéhna
dilalui,diliwatan
dilancarkan,dilancarkeun
dilanda,katandangan
dilandasi,dumasar kana
dilangkahi,diléngkahan
dilanjutkan,dituluykeun
dilapisi,dilapisan
dilaporkan,dilaporkeun
dilarang,dilarang
dilayani,dilayanan
dilemparkan,dialungkeun
dilengkapi,dilengkepan
dilepas,dileupas
dilepas,diabur
dilihat,ditempo
dilimpahkan,dioperkeun
dilindungi,ditangtayungan
diliputi,dikeputan
dilontarkan,dialungkeun
diluruskan,dilelempeng
dimainkan,dicoo
dimana,di mana
dimana-mana,di mamana
dimanfaatkan,dimangpaatkeun
dimasuki,diasupan
dimasukkan,diasupkeun
dimenangkan,dimeunangkeun
dimiliki,dipiboga
diminta,dipénta
dimodifikasi,
dimulai,dimimitian
dimusnahkan,dibinasakeun
dinaikkan,ditaékkeun
dinamakan,dingaranan
dinamis,
dinas,dines
dinasehati,dipapagahan
dingin,tiris
dingin,tiis
dinginnya,tirisna
dingklik,jojodog
dinilai,dipeunteun
dinyatakan,dinyatakeun
diolah,dikokolakeun
dioperasikan,dioperasikeun
dipagar,dipager
dipagari,dipageran
dipahami,dipahaman
dipakai,dipaké
dipandang,ditempo
dipanggang,dibeuleum
dipanggil,digeroan
dipaparkan,didadarkeun
diparkir,
dipasang,
dipastikan,dipastikeun
dipecahkan,dipeupeuskeun
dipegang,dicekel
dipelihara,dipulasara
dipeluk,dikeukeup
dipengaruhi,dipangaruhan
dipenjara,
dipenuhi,dipinuhan
diperbaiki,dibenerkeun
diperbantukan,dibabantukeun
diperbesar,digedéan
diperbolehkan,meunang
diperbolehkan,kaci
dipercayai,dipercaya
diperdebatkan,disawalakeun
diperebutkan,diparebutkeun
dipergunakan,dipaké
diperhitungkan,diitung
diperiksa,dipariksa
diperkenalkan,diwanohkeun
diperkenankan,diidinan
diperkirakan,kira-kira
diperlihatkan,dipintonkeun
diperlukan,diperlukeun
diperoleh,ditampa
dipersiapkan,disiapkeun
dipersilakan,sina
dipertanyakan,ditatanyakeun
dipertimbangkan,ditimbang-timbang
dipestakan,renceng
dipikir,
dipilah-pilah,diwilah-wilah
dipilih,
dipilihnya,dipilihna
dipimpin,dipingpin
dipimpinnya,dipingpinna
dipinjam,diinjeum
dipoligami,diwayuh
diproduksi,
diproses,diprosés
diprotes,diprotés
dipukul,ditakol
dipukuli,ditakolan
dipusatkan,dipuseurkeun
diputuskan,dipegatkeun
dirahasiakan,dirusiahkeun
diraih,dihontal
dirancang,dirarancang
dirawat,
direalisasikannya,dilaksanakeunana
direbut,
direktur,diréktur
diremajakan,dirumajakeun
diremas-remas,digecek
diresmikan,diresmikeun
diri,diri
dirinya,dirina
dirombak,
dirumuskan,dirumuskeun
dirundung,kapuuk
disahkan,disahkeun
disaksikan,kasaksen
disalin,dicutat
disalurkan,disalurkeun
disamakan,disaruakeun
disamaratakan,disamarutkeun
disambut,dipapag
disampaikan,ditepikeun
disampaikannya,dipangnepikeun
disangkanya,disangkana
disanjung,dipuji
disatukan,dihijikeun
disayangkan,pikalebareun
disebarkan,disebarkeun
disebut,
disebut-sebut,
disebutkan,disebutkeun
disebutnya,disebutna
disediakan,disadiakeun
disekat,dipenggel
diselamatkan,disalametkeun
diselenggarakan,diayakeun
diselesaikan,dipungkas
diselidiki,ditalungtik
disembah,
disembunyikan,disumputkeun
disempurnakan,disampurnakeun
disengat,diseureud
diserahkan,dibikeun
diserap,diserep
disertai,dibarung
disertai,dibarengan
disertai,dibiruyungan
diserukan,dicelukkeun
disesuaikan,disaluyukeun
disetujui,disatujuan
disewakan,diséwakeun
disiapkan,disiapkeun
disimak,diregepkeun
disimpan,ditunda
disini,di dieu
disiplin,
disisakan,disésakeun
disita,dijabél
diskriminasi,
diskusi,sawala
disponsori,disponsoran
disuapi,dihuapan
disuguhi,disuguhan
disurati,disuratan
disuruh,dititah
disusul,
disusun,
ditafsirkan,ditapsirkeun
ditagih,
ditahan,
ditaklukkan,ditalukkeun
ditambah,
ditambahkan,ditambahkeun
ditambal,
ditampari,digaplokan
ditampilkan,dipidangkeun
ditandai,ditandaan
ditandaskan,ditanjeurkeun
ditandatangani,ditandatanganan
ditangani,ditungkulan
ditanggulangi,diungkulan
ditanggung,
ditangkap,ditéwak
ditanya,
ditanyai,ditaros
ditanyakan,ditanyakeun
ditawari,ditawaran
ditawarkan,ditawarkeun
ditebarkan,diawurkeun
ditelepon,
diteliti,ditalungtik
ditelpon,ditelepon
ditelusuri,disusud
ditemani,dibaturan
ditembak,ditémbak
ditembus,
ditempati,ditempatan
ditempatkan,ditempatkeun
ditempel,ditémpél
ditemui,dipanggihan
ditemukan,kapanggih
ditemukannya,kapanggihna
ditengarai,disangka
ditentukan,dicindekkeun
ditentukan,ditangtukeun
diterapkan,dilarapkeun
diterbangkan,diapungkeun
diterbitkan,dipedar
diterima,ditarima
diterjemahkan,ditarjamahkeun
diteror,ditéror
diteruskan,diteruskeun
dites,dités
ditetapkan,ditetepkeun
ditimpakannya,ditibankeunana
ditinggalkan,ditinggalkeun
ditinggalkannya,ditinggalkeun ku manéhna
ditingkatkan,dironjatkeun
ditipu,kapacikeuh
ditolak,ditampik
dituangkan,dicicikeun
dituding,disangka
ditugaskan,ditugaskeun
ditukar,ditukeur
ditulis,
dituliskan,dituliskeun
ditumbuhi,diwuwuhan
ditumpas,ditumpes
ditunjuk,
ditunjukkan,ditembrakkeun
dituntut,ditungtut
diturunkan,diturunkeun
ditutup,
ditutupi,ditutupan
dituturkan,diomongkeun
diubah,dirobah
diumumkan,disalabarkeun
diundang,diondang
diunggulkan,dijagokeun
diungkapkan,diungkabkeun
diupayakan,ditarékahan
diusahakan,ditarékahan
diusung,dipunggu
diutarakan,dikedalkeun
diutus,
diwajibkan,diwajibkeun
diwakili,diwakilan
diwarnai,diwarnaan
diwaspadai,diwaspadaan
doa,pidua
doktor,
doktrin,
dokumen,dokumén
dokumentasi,dokuméntasi
domain,
domba,
dong,atuh
dosa,
dua,
dua-duanya,duanana
dua-pertiga,dua-pertilu
duanya,papadana
duasetengah,dua satengah
dubur,
duduk,diuk
duit,
duitnya,duitna
dukung,rojong
dukung,
dukungan,pangrojong
dulu,tiheula
dulunya,baheulana
dunia,dunya
duplikat,
durhaka,doraka
duri,cucuk
durian,kadu
duta,
e-mail,surélék
edarkan,sumebarken
edisi,édisi
efek,éfék
eh,éh
ejaan,éjahan
ejaannya,éjahanana
ejektor,éjéktor
ekonom,ékonom
ekonomi,ékonomi
ekor,buntut
eksistensi,
ekspor,ékspor
eksportir,éksportir
ekstradisi,ékstradisi
elektronik,éléktronik
elektronika,éléktronika
elevasinya,élevasina
elit,élit
elok,éndah
email,surélék
emas,
embun,ibun
emosional,émosional
empat,opat
empedu,hamperu
emper,émpér
empuk,hipu
enak,ngeunah
enam,genep
enggak,henteu
enggan,horéam
engkau,andika
entah,teuing
entahlah,teuing atuh
episode,épisodeu
erat,reukeut
erat,pageuh
eskalator,éskalator
etik,étik
etika,étika
evakuasi,
fakultas,
fasih,béntés
fasih,pasehat
fasilitasnya,fasilitasna
fatwa,
februari,pebruari
finansial,
firasat,wirasat
firman-nya,firman-Na
fisik,
fluorida,
forum,
foto,poto
fotonya,potona
fraksinya,fraksina
fundamental,fundaméntal
gabungan,
gading,
gagal,
gagang,perah
gagap,arap-ap eureup-eup
gagasan,alpukah
gaib,
gajah,
gak,teu
galah,gantar
galeri,galéri
gambar,
gampang,
ganda,dobel
gangguan,
ganjal,ginjel
ganteng,kasép
ganti,
gantinya,gantina
garis,gurat
gas,
gasnya,gasna
gatal,ateul
gaung,aweuhan
gaya,
gebrak,gebrag
gedung,gedong
gedung-gedung,gedong-gedong
gegabah,lalawora
gelagat,galagat
gelambir,gaber
gelang,pinggel
gelar,
gelas,
geledah,garadah
gelegar,jedur
geletar,geleger
geli,géték
gelinding,gorolong
gelinjang,gurinjal
gelombang,lambak
gelora,galura
gema,aweuhan
gembira,atoh
gembira,hégar
gembira,bérag
gempa,lini
genangan,kuyumbang
gendang,kendang
gender,génder
gendong,gandong
gendut,nyemplu
genit,centil
genteng,kenténg
geologi,géologi
gerah,hareudang
geraham,careham
gerai,kios
gerak,unggut
gerhana,samagaha
gerimis,praspris
gerutu,gelendeng
geser,gésér
geser,iser
gesit,kesit
getah,geutah
getaran,geter
gigi,huntu
gigit,coco
gila,gélo
giling,
gimana,kumaha
gini,kieu
ginseng,ginséng
gitar,
gitu,kitu
gizi,giji
godaan,rancana
golok,bedog
golongan,
golongan,golongan
gonggongan,gogog
goreng,goréng
gorengnya,goréngna
granat,
gratis,haratis
gratis,garatis
gratisan,nu haratis
grup,
gubernur,
gudang,
gula,
gulat,
gunakan,paké
gunanya,gunana
guncang,oyag
gunung,
gurih,pelem
guru,
habis,béak
habis-habisan,bébéakan
habiskan,béakkeun
hadapi,sanghareupan
hadiah,kado
hadiahnya,kadona
hadir,
hadiri,ngahadiran
hafalan,apalan
hajat,
haji,
hak,
hakim,
hal,
halangi,halangan
halilintar,guludug
halus,lemes
hambar,cawérang
hambatan,tahanan
hampir,ampir
hancur,ancur
handuk,anduk
hangat,haneut
hantu,jurig
hanya,ngan
hanyalah,saukur
hanyut,palid
harapan,harepan
harapkan,harepkeun
hardik,gebes
harga,
harganya,hargana
hari,poé 
harian,poéan
harimau,maung
harinya,poéna
harta,
harum,seungit
harus,kudu
hasil,
hasilnya,hasilna
hasutan,hasudan
hati,ati
hati,haté
hatinya,haténa
hawa,
hebat,hébat
heboh,gujrud
heboh,geunjleung
hektare,héktar
hemat,irit
hemat,gemi
hemat,iker
hendak,rék
hendaknya,hadéna
hentikan,eureunkeun
heran,ituh
herbivora,
heroik,
hewan,sato
hiburan,
hidung,irung
hidup,hirup
hidupnya,hirupna
hijau,héjo
hikmah,
hilang,leungit
hilangnya,ilangna
hilangnya,leungitna
hingga,nepi ka
hinggap,eunteup
hitam,wulung
hitam,hideung
hitung,itung
honor,
hormat,
hotel,hotél
hubungan,
hubungannya,hubunganana
hubungkan,sambungkeun
hujan,
hukum,
hukuman,
humaniora,
huru-hara,uru-ara
huruf,hurup
hutan,leuweung
hutang,
ia,manéhna
ibadah,
ibu,ibu
ibunya,indungna
ide,ideu
ideal,idéal
identik,idéntik
ideologi,idéologi
ihwal,hal
ijin,idin
ikal,galing
ikan,lauk
ikhwal,ihwal
iklan,pariwara
ikut,milu
ikut,ngilu
ikutan,miluan
ikuti,turutan
ilegal,teu légal
iler,lého
ilmiah,
ilmu,élmu
iman,
imbang,imbang
imbas,akibat
imbuh,émboh
imbuhan,rarangkén
imbuhnya,émbohna
impor,
imunisasi,
indah,éndah
indahnya,éndahna
indeks,indéks
industri,
info,
informasi,
ingat,inget
ingin,hayang
inginkan,hayang
ingkar,jalir
ingus,lého
ini,ieu
inilah,ieu pisan
inisiatif,alpukah
injil,
inovasi,
inspektur,inspéktur
instruktur,
intelijen,
interaktif,
interior,
internasional,
internet,
intimidasi,
intinya,intina
investasi,
iptek,épték
irama,wirahma
isak,segruk
isi,eusi
isinya,eusina
islam,
israel,israél
istana,karaton
istananya,karatonna
isteri,pamajikan
istilah,
istimewa,istimiwa
istirahat,reureuh
istri,pamajikan
isya,isa
itu,éta
itulah,éta pisan
iuran,udunan
iya,heueuh
izin,idin
jabatan,kalungguhan
jabatannya,jabatanna
jadi,
jadwal,
jagat,
jago,
jagoan,jadug
jahil,jail
jahit,kaput
jajahan,
jajaran,
jaksa,
jalan,
jalani,jalanan
jalankan,jalankeun
jam,
jamaah,
jamak,loba
jambak,
jambu,
jaminan,
jampi,jampé
jamu,
jamuan/upah,pupulur
jamur,suweng
janda,randa
jangan,montong
jangan,entong
jangan,ulah
jangan,tong
jangankan,tong boro
janganlah,ulah
jangkauan,hontalan
jangkauannya,hontalanana
jangkung,
janji,subaya
janji,jangji
janji,pasini
jantan,jalu
januari,
jarang,arang
jari,ramo
jaringan,raramat
jasa,
jatuh,labuh
jatuh,murag
jatuhnya,gubragna
jauh,laér
jauhnya,jauhna
jawab,
jawabnya,témbalna
jaya,
jejak,tapak
jejer,béngbréng
jelantah,jalantah
jelas,nembrak
jelas,cékas
jelas,natrat
jelas,
jelas,ébréh
jelas,écés
jelas-jelas,nyata
jelaskan,écéskeun
jelaskan,wawarkeun
jelek,awon
jelita,geulis
jemaah,jamaah
jenazah,layon
jendela,jandela
jenderal,
jendral,jéndral
jenis,
jeniusnya,jeniusna
jepret,betrik
jera,kapok
jeruk,
jeruknya,jerukna
jewer,jiwir
jibril,
jijik,jarijipen
jika,lamun
jilat,létak
jinak,lindeuk
jingga,oranyeu
jinjing,jingjing
jiwa,
jiwanya,jiwana
jongkok,cingogo
jual,
juara,jawara
judi,
judi,maén
judul,
juga,ogé
jujur,
juli,
julukan,landian
jumat,jumaah
jumatan,jumaahan
jumlah,
jumlahnya,jumlahna
jumpa,tepung
juni,
juragan,
jurnal,
jurnalis,wartawan
juru,
jurusan,
justru,malahan
juta,
juta,
jutaan,
kabar,béja
kabar-berita,raratan
kabarnya,béjana
kabel,
kabinet,kabinét
kabupaten,kabupatén
kabur,
kabut,halimun
kabut,pepedut
kacamata,tasma
kadang,sakapeung
kadang-kadang,sakapeung
kader,
kaget,reuwas
kagum,kataji
kail,pancing
kain,lawon
kait,gaet
kaitan,
kaitannya,kaitanana
kaitannya,patalina
kakak,lanceuk
kakak,akang
kakek,aki
kakeknya,akina
kaki,suku
kaki,cokor
kakinya,sukuna
kaku,jengker
kaku,jeger
kala,basa
kalah,éléh
kalah,kéok
kalangan,golongan
kalau,lamun
kalaupun,lamun
kalian,maranéh
kaliber,
kalimat,kalimah
kalimat-nya,kalimah-Na
kalo,lamun
kalung,kongkorong
kamar,
kambing,embé
kambuh,kanceuh
kamera,kaméra
kami,urang
kami,kami
kamis,kemis
kampung,lembur
kampung,dusun
kampung,
kampus,
kamtib,
kamu,ilaing
kamu,manéh
kamus,
kan,pan
kanan,katuhu 
kancil,peucang
kandidat,calon
kandungan,
kantong,
kantor,
kapal,
kapan,iraha
kapok,kapuk
kapten,kaptén
karakter,sipat
karat,
karena,alatan
karena,pédah
karenanya,lantaran éta
karet,karét
karetnya,karétna
karir,
kartu,
karusakan,karuksakan
karya,
karyawan,pagawé
kasar,dugal
kasar,garihal
kasasi,
kasih,kaasih
kasihan,watir
kasihan,karunya
kasus,perkara
kasusnya,kasusna
kata,kecap
kata,ceuk
katakanlah,kedalkeun
katanya,pokna
katanya,magah
katanya,cenah
kategori,
katolik,
kaum,
kawan,kanca
kawasan,wewengkon
kaya,jegud
kaya,beunghar
kayak,jiga
kayaknya,jigana
kayu,kai
ke,ka
ke,kana
keadaan,kaayaan
keadilan,kaadilan
keagamaan,kaagamaan
keamanan,kaamanan
keamanannya,kaamananana
keanehan,kaanéhan
keanggotaan,kaanggotaan
keasyikan,pogot
kebahagiaan,kabagjaan
kebangsaan,kabangsaan
kebanyakan,lolobana
kebaya,kabaya
kebebasan,kabébasan
kebebasan,kabébasan
kebebasannya,kabébasanana
keberadaan,ayana
keberadaannya,di mana ayana
keberatan,kabeuratan
kebersihan,kaberesihan
kebetulan,pareng
kebiadaban,katelengesan
kebiasaan,kabiasaan
kebijakan,kawijakan
kebudayaan,kabudayaan
kebun,kebon
kebutuhan,kaperluan
kecamatan,kacamatan
kecanduan,nyandu
kecantikan,kageulisan
kecelakaan,kacilakaan
kecemasan,kahariwang
kecewana,kuciwana
kecewanya,hanjeluna
kecil,leutik
kecil,huni
kecintaan,katresna
kecuali,iwal
kecuali,kajaba
kedalaman,jejero
kedapatan,kapanggih
kedatangan,kadatangan
kedatangan,datangna
kedatangannya,kadatanganana
kedaulatan,kadaulatan
keder,kédér
kediaman,panyicingan
kediamannya,panyicinganana
kedipan,kiceupan
kedua,kadua
kedua-duanya,duanana
keduanya,duanana
kedudukan,kalungguhan
keempat,kaopat
keengganan,kahoréam
keesaan,kaésaan
keesokan,isuk
kegagalan,kagagalan
kegerahan,bayeungyang
kegiatan,kagiatan
kegiatannya,kagiatanana
kegunaan,pamakéan
kehadirannya,datangna
kehakiman,kahakiman
kehangatan,haneutna
kehidupan,kahirupan
kehidupannya,kahirupanana
kehilangan,kaleungitan
kehormatan,cahara
kehutanan,pileuweungan
keinginan,kahayang
keinginannya,kahayangna
kejadian,kajadian
kejaksaan,kajaksaan
kejam,telenges
kejar,berik
kejar,udag
kejut,ranyed
kekacauan,bancang pakéwuh
kekalahan,kaéléh
kekar,keker
kekasih,kabogoh
kekayaan,rajakaya
kekayaan,kakayaan
kekecewaan,kakuciwa
kekejaman,kakejeman
kekeluargaan,kakulawargaan
kekhawatiran,kasalempang
kekhilafan,kahilapan
kekuasaan,kakawasaan
kekuatan,kakuatan
kekurangan,kakurangan
kelahiran,kalahiran
kelak,jaga
kelakuan,lampah
kelamin,
kelapa,kalapa
kelapangan,kajembaran
kelaparan,kalaparan
kelas,
kelebihan,kaleuwihan
kelebihannya,kaleuwihanana
kelelawar,lalay
kelihatan,katempo
kelihatannya,katempona
keliling,ubeng
keliling,kuriling
kelima,kalima
kelimis,kulimis
kelingking,cingir
keliru,kaliru
kelompok,jumplukan
kelonggaran,kalaluasaan
keluar,kaluar
keluar,bijil
keluar/berhenti,lugay
keluarga,kulawarga
keluarganya,kulawargana
keluarnya,kaluarna
keluhan,kahumandeuar
kelurahan,kalurahan
keluyuran,nguluyur
kemahiran,kamahéran
kemajuan,kamajuan
kemakmuran,kamakmuran
kemampuan,pangabisa
kemampuannya,kamampuhanana
kemanapun,ka mana ogé
kemandirian,kamandirian
kemanusiaan,kamanusaan
kemarahan,kaambek
kemarau,halodo
kemaren,kamari
kemarin,kamari
kemasukan,kaasupan
kemasyarakatan,kamasarakatan
kematian,tiwasna
kematian,pati
kematiannya,maotna
kembali,balik
kembali,ampih
kembang,
kemben,kekemben
kemegahan,angkeuh
kemekaran,kamekaran
kemenangan,kameunang
kemenyan,menyan
kemerdekaan,kamerdikaan
kemerosotan,morosotna
kemiliteran,kamilitéran
kemiskinan,kamiskinan
kempes,kempés
kemudahan,gampangna
kemudi,kamudi
kemudian,saterusna
kemungkinan,jigana
kena,keuna
kenabian,kanabian
kenaikan,kanaékan
kenal,wawuh
kenalan,kawanohan
kenapa,naha
kencang,gancang
kencing,kiih
kencur,cikur
kendala,hahalang
kendali,kadali
kendaraan,tutumpakan
kendati,sanajan
kendur,pelendong
kenegaraan,kanagaraan
kening,tarang
kental,kentel
kental,medok
kentongan,kohkol
kentut,hitut
kenyal,geunyal
kenyang,wareg
kenyataan,kanyataan
keotentikan,kaoténtikan
kepada,ka
kepadanya,pikeun manéhna
kepal,keupeul
kepala,babatok
kepala,sirah
kepala,kapala
kepala,hulu
kepalan,peureup
kepalanya,sirahna
kepastian,kapastian
kepedulian,kapadulian
kepemilikan,kapimilik
kepemimpinan,kapamingpinan
kepentingan,kapentingan
kepentingannya,kapentinganana
kepercayaan,puhit
kepercayaan,kapercayaan
kepercayaannya,kapercayaanana
keperluan,kaperluan
keperluannya,kaperluanana
kepiawaian,kaahlian
kepintaran,jajatén
kepolisian,kapulisian
keponakan,alo
keponakannya,alona
kepribadian,kapribadian
kepulauan,kapuloan
kepung,tingker
keputusan,kaputusan
kerabat,baraya
keracunan,karacunan
keraguan,kamangmang
kerah,sambleh
kerai,widé
kerajaan,karajaan
keramik,gagarabah
kerangka,carangka
keranjang,karinjang
kerap,mindeng
keras,teuas
kerbau,munding
kereta,karéta
kering,garing
keringat,késang
keriput,kérod
keris,
kerja,gadag
kerja,gawé
kerjaan,pagawéan
keropos,koropok
keroyok,dikerubut
kertas,
kerudung,tiung
kerugian,rugi
keruh,kiruh
keruk,
kerumun,gurumut
kerumun,gimbung
kerusakan,karuksakan
kerusakannya,karuksakanana
kesadaran,kasadaran
kesal,kaluman
kesalahan,kasalahan
kesamaan,sasaruaan
kesamaannya,sasaruanana
kesan,gambaran
kesedihan,kahanjelu
kesehatan,kaséhatan
kesejagatan,kasajagatan
kesejahteraan,karaharjaan
keselamatan,kasalametan
keselamatannya,kasalamatenana
keseluruhan,sakabéh
kesempatan,kasempetan
kesenian,kasenian
kesepakatan,kasapukan
keseragaman,kasaragaman
kesetiaan,kasatiaan
kesiangan,kasiangan
kesibukan,kasibukan
kesimpulan,kacindekan
kesimpulannya,kacindekanana
kesulitan,kahésé
kesulitan,kasulitan
kesusilaan,kasusilaan
ketahuan,kanyahoan
ketahui,nyaho
ketakutan,sieun
ketam,yuyu
ketat,heureut
ketatanegaraan,katatanagaraan
ketek,kélék
ketemu,papanggih
ketentraman,katingtriman
ketentuan,katangtuan
keterangan,katerangan
ketergantungan,kagumantungan
ketergantungannya,kagumantunganana
keterlaluan,kabina-bina
ketertiban,kalantipan
ketiak,kélék
ketidakpastian,kateupastian
ketidakseimbangan,teu saimbangna
ketiduran,kasaréan
ketiga,katilu
ketika,sabot
ketimbang,tinimbang
ketinggalan,tinggaleun
ketinggian,jangkungna
ketinggiannya,luhurna
ketua,pupuhu
ketuhanan,kapangéranan
ketupat,kupat
keturunan,turunan
keuangan,kaduitan
keuangannya,kaduitanana
keunggulan,kapinunjulan
keunikan,unikna
keuntungan,kauntungan
kewajiban,kawajiban
kewajibannya,kawajibanana
kewalahan,kawalahan
keyakinan,kayakinan
khas,has
khasiatnya,hasiatna
khawatir,hariwang
khawatir,salempang
khazanah,hasanah
khusuk,banter
khusus,husus
khususnya,hususna
kiamat,
kian,beuki
kidal,kédé
kikir,kumed
kikir,cedit
kikir,koret
kilat,
kilometer,kilométer
kini,kiwari
kios,
kiosnya,kiosna
kipas,hihid
kira,
kiranya,kirana
kiri,kénca
kirim,
kisah,carita
kita,urang
kita,urang
kitab,
klik,
koalisi,
koclak,
kode,
koin,
kok,bet
kol,engkol
kolom,lajur
kolonel,kolonél
kolonial,
koma,
komandan,
komandannya,komandanna
komando,
komat-kamit,kunyam-kunyem
komentar,koméntar
komentarnya,koméntarna
komersial,komérsial
komisaris,
komitmen,
kompensasi,kompénsasi
kompetisi,
komplet,kumplit
komponen,komponén
komputer,
komputernya,komputerna
kondisi,kaayaan
kondisinya,kondisina
koneksi,konéksi
konferensi,konférénsi
konfirmasi,
kongres,kongrés
konsep,konsép
konspirasi,
konsul,
konsumen,konsumén
konsumsi,
kontak,
koperasi,
kopi,
koran,
korban,
koreksi,koréksi
koresponden,koréspondén
korosi,karatan
korps,
korpsnya,korpsna
korupsi,calikong
kosong,
kota,dayeuh
kotak,
kotakan,
kotor,bagedur
kotor,
kotor,reged
kotoran,kokotor
kriminal,
krisis,
kristen,
kritik,
kritis,
kualitas,
kualitasnya,kualitasna
kuasa,kawasa
kuat,
kuatir,melang
kuburan,pajaratan
kucing,ucing
kuda,
kudeta,kudéta
kue,kueh
kuis,
kujang,
kuku,
kukuh,pengkuh
kukusan,aseupan
kuli,
kuliah,
kuliahnya,kuliahna
kuliner,
kulit,
kulum,kemot
kumal,lodro
kuman,jaram
kumis,
kumpul,riung
kumpul/bergerombol,liud
kumur,gugurah
kunci,konci
kuncinya,koncina
kuning,konéng
kuningan,
kunjungan,datangna
kunjungi,datangan
kuno,kuna
kunyit,konéng
kuping,ceuli
kupu-kupu,kukupu
kura-kura,kuya
kurang,nyangkolong
kurang,cocéng
kurang,
kurma,korma
kursi,korsi
kursinya,korsina
kurus,kuru
kurus,begang
kusut,busik
kusut,karijut
kusut,pajurawet
kusut,kusial
kutu,
laba-laba,lancah
lada,pedes
lagi,deuih
lagi,deui
lagu,
lagunya,laguna
lagunya,kawihna
lahan,
lahannya,lahanna
lahir,
lain,séjén
lain/selain,lian
lainnya,lianna
lainnya,séjénna
laksamana,
laku,
lakukan,pigawé
lalat,laleur
lalim,
lalu,kaliwat
lalu,tuluy
lama,heubeul
lama,lila 
lamanya,lilana
lambang,
lambat,laun
lampu,
lancar,
lancip,léncop
langganan,
langit,
langit,wiati
langka,
langkah,léngkah
langkahi,léngkahan
langsung,langsung
lanjut,tuluy
lanjutnya,terusna
lantai,lanté
lantaran,lantaran
lantas,saterusna
lapangan,lapang
lapar,
laporan,
laporannya,laporanana
larang,cegah
larangan,
laras,
lari,lumpat
laron,siraru
latar,kasang
latihan,
laut,
laut,sagara
lawan,
layak,meujeuhna
layan,
layanan,
layar,
lazim,sawajarna
lebam,geuneuk
lebar,rubak
lebaran,
lebat,leubeut
lebih,leuwih
lebih baik,mending
lega,bungangang
leher,beuheung
lelah,capé
lelaki,lalaki
leluasa,laluasa
leluasa,sabaraé
lelucon,guguyon
leluhur,karuhun
lemari,lomari
lemas,leuleus
lembab,beueus
lembaga,
lembah,landeuh
lembah,léngkob
lembar,kebet
lembaran,
lembek,nampuyak
lembong,
lempar,balédog
lempar,alung
lengah,balangah
lengah,meléng
lengah,cileureun
lengah,bongoh
lengang,keupat
lengkap,pepek
lengkapi,lengkepan
lengkapnya,pepekna
lengket,masket
lengkong,léngkong
lengkuas,laja
lengkung,pelengkung
lepas,lepot
lepas,leupas
lepas,ucul
lepas,locot
lepas,lésot
lereng,lamping
lesung,lisung
letak,lokasi
letaknya,tempatna
letkol,létkol
letnan,létnan
lewat,liwat
licik,
lidah,létah
lidi,nyéré
lihat,deléh
lihat,tempo
lima,
lindu,lini
lingkaran,bunderan
lingkungan,
lingkup,wengkuan
lipat,pintel
lipat,lipet
lisensi,lisénsi
listrik,
liter,
literatur,pustaka
liur,acay
lokasi,
lolos,leupas
lomba,pasanggiri
loncat,ngacleng
loncat,luncat
loncat,ngajleng
longgar,logor
longgar,loncér
longsor,urug
los,
lowongan,
luar,
luas,ablag
luas,aplak
luas,lega
lubang,lombang
lubang,liang
luber,limpas
lubuk,leuwi
lucu,
ludah,ciduh
luhurnya,luhurna
luka,tatu
luka,jaheut
lulus,
lulusan,
lumayan,
lumpur,leutak
lumut,lukut
lunak,beyé
lunas,punah
luntur,muntah
lupa,poho
lurus,lempeng
lusa,pagéto
lusuh,leuseuh
lutut,tuur
maaf,hampura
mabuk,mabok
macam,macem
madya,
maen,ulin
maghrib,magrib
mahal,
mahasiswa,
mahir,mahér
mahkamah,
mahkota,makuta
mahligai,maligé
main,ulin
mainan,kaulinan
majalah,
majelis,
maju,
majunya,majuna
maka,mangka
makam,astana
makan,dahar
makan-makan,balakécrakan
makanan,kadaharan
makar,
makin,beuki
makin,mingkin
maklum,ma'lum
makna,harti
maksud,
maksudnya,pamaksudanna
maksudnya,maksudna
malah,malahan
malah,malah
malah,kalahka
malaikat,malaékat
malam,peuting 
malang,
malarat,masakat
malas,kedul
malu,éra
mampir,nyimpang
mampu,sanggup
mana,
manajemen,manajemén
mancanegara,mancanagara
mancung,
mandek,nagen
mandi,
mandiri,teuneung
mandul,gabug
manfaat,mangpaat
manfaatnya,mangpaatna
manggis,manggu
mangkir,ngangles
manis,amis
manja,ogo
mantan,urut
manusia,manusa
manyun,
marah,ambek
maret,
mari,hayu
maritimnya ,maritimna
markas,
markasnya,markasna
martabat,ajén
masa,mangsa
masalah,
masalahnya,masalahna
masih,
masing,séwang
masjid,
maskawin,mahar
massa,
masuk,abus
masuk,asup
masuk/cukup,panjing
masukkan,ngasupkeun
masukkan,asupkeun
masuknya,asupna
masyarakat,balaréa
masyarakat,kumbuh
masyarakat,masarakat
masyarakatnya,masarakatna
mata,panon
matahari,sarangéngé
matahari,panonpoé
matang,asak
matanya,panonna
materiil,materil
mau,daék
maupun,atawa
maya,
mayat,mayit
mayat,layon
mayor,
media,média
medis,médis
megapolitan,
mei,méi
meja,méja
mekanik,mékanik
mekaniknya,mékanikna
mekar,
melacur,madon
meladeni,ngaladénan
melahirkan,ngababarkeun
melainkan,kalah
melaksanakan,ngalaksanakeun
melakukan,ngalakukeun
melakukan,ngalakonan
melakukannya,ngalakonanana
melalui,ngaliwatan
melampaui,ngaleuwihan
melamun,ngalamun
melanda,nandangan
melanggar,ngarémpak
melanggengkan,ngalanggengkeun
melangkah,ngaléngkah
melangkahi,ngaléngkahan
melanjutkan,neruskeun
melanjutkan,nuluykeun
melansir,ngaluarkeun
melantik,ngistrénan
melapor,ngalapor
melaporkan,ngalaporkeun
melarang,nyaram
melarang,ngahulag
melarangnya,ngararangna
melarat,kokoro
melarikan,mawa lumpat
melata,ngaléor
melatih,ngalatih
melawan,ngalawan
melayang,ngalayang
melayangkan,ngalayangkeun
melayani,ngaladénan
melebihi,ngaleuwihan
melecehkan,ngécé
meledak,ngajelegur
melekat,némpél
meleleh,lééh
melempar,ngabalangkeun
melenceng,giwar
melengkapi,ngalengkepan
melengkung,bingkeng
melengkungkan,melengkungkeun
melepaskan,ngalaan
meletakkan,nyimpen
meletus,bitu
melewati,ngaliwatan
melewatkan,ngaliwatkeun
melihat,nempo
melihat-lihat,laha-loho
melindungi,nangtayungan
melintas,ngaliwat
meliputi,ngawengku
melirik,ngarérét
meliuk-liuk,ngagéboy
melonjak-lonjak,ancul-anculan
melotot,molotot
meluas,ngalegaan
melubangi,ngabolongan
melucuti,ngalucutan
melunakkan,nguduhkeun
melupakan,mopohokeun
memadai,nyukupan
memadati,minuhan
memagari,mageran
memahami,nyurtian
memajukan,ngamajukeun
memakai,maké
memakai,maké
memakainya,makéna
memakainya,makena
memakan,ngadahar
memaklumi,ngamaklum
memaknai,ngamaknaan
memalukan,ngérakeun
memancing,mancing
memancing,nguseup
memandang,melong
memanfaatkan,ngamangpaatkeun
memanggang,meuleum
memanggil,ngagero
memanggil-manggil,nyambat
memangku,ngalahun
memangnya,emangna
memanjakan,ngugung
memanjakan,ngawowoy
memanjang,manjang
memantau,ngawaskeun
memaparkan,ngadadarkeun
memar,eumeur
memarahi,nyarékan
memarkir,markir
memasak,masak
memasang,masangkeun
memasarkannya,masarkeunnana
memastikan,mastikeun
memasuki,ngasupan
memasukkan,ngasupkeun
memasyarakatkan,ngamasarakatkeun
mematenkan,maténkeun
mematuk,macok
membaca,maca
membacakan,ngabacakeun
membacanya,macana
membacok,ngadék
membagi,ngabagi
membagikan,ngabagikeun
membahas,ngabahas
membahayakan,ngabahayakeun
membaik,ngaalusan
membajak,ngabajo
membakar,ngaduruk
membakar,ngabeuleum
membalas,ngabales
membangkang,ngabahula
membangkang,baha
membangun,ngawangun
membangunkan,ngahudangkeun
membangunkan,ngageuingkeun
membantah,néngtéréwéléng
membantu,ngabantuan
membantu,mantuan
membara,ruhay
membara,burahay
membasuh,nyimbeuh
membatalkan,ngabolaykeun
membatas,ngawates
membatasi,ngabatesan
membawa,mawa
membawanya,ngabawa
membayangkan,ngabayangkeun
membayar,mayar
membebani,ngabeungbeuratan
membebani,ngaganggayong
membebaskan,ngaleupaskeun
membedakan,ngabédakeun
membeku,ngimpel
membelanjai,ngabalanjaan
membeli,meuli
membenarkan,ngabenerkeun
membendung,mendet
membentak-bentak,hahaok
membentuk,nyieun
memberantas,numpes
memberatkan,ngabeungbeuratan
memberi,méré
memberi,mikeun
memberi,mawéh
memberikan,mikeun
memberitahu,ngabejaan
memberitakan,ngawartakeun
memberitakan,ngawartakeun
membersihkan,ngabersihkeun
membesut,ngabesut
membiarkan,ngantep
membiayai,ngabiayaan
membicarakan,ngomongkeun
membidik,ngécéng
membidik,nyéntang
membina,ngabina
membingungkan,ngabingungkeun
membiru,geuneuk
membocorkan,ngabocorkeun
membonceng,nepong
membongkar,ngakat
memborbardir,ngabombardir
memborong,ngaborong
membuang,miceun
membuat,nyieun
membuatkan,mangnyieunkeun
membubarkan,ngabubarkeun
membujang,ngalagena
membuka,muka
membungkuk,dongko
membunuh,maéhan
memburu,moro
membutuhkan,merlukeun
memecah,meupeus
memegang,nyekel
memekarkan,ngamekarkeun
memelihara,miara
memelihara,miara
memelintir,mulintirkeun
memenangi,ngameunangan
memenangkan,meunang
memendekkan,mondokkeun
memengaruhi,mangaruhan
memenuhi,nyumponan
memenuhi,nohonan
memenuhi,minuhan
memenuhinya,nyumponanana
memerahkan,ngabeureumkeun
memerangi,merangan
memeras,meres
memercik,muncrat
memerhatikan,nengetan
memeriksa,mariksa
memerintah,maréntah
memerintahkan,maréntahkeun
memerlukan,merlukeun
memesan,mesen
memfasilitasi,nyadiaan
memihak,mihak
memihak,ngabiluk
memijat,meuseul
memikirkan,mikiran
memikirkannya,mikiranana
memikul,manggul
memilah-milah,ngawilah-wilah
memilih,milih
memilih-milih,milih-milih
memiliki,ngabogaan
memimpin,mingpin
memindah-mindahkan,mindah-mindahkeun
memindahkan,mindahkeun
meminta,ménta
meminum,nginum
memisahkan,misahkeun
memotong,motong
mempengaruhi,mangaruhan
memperbaiki,ngabenerkeun
memperbaikinya,ngabenerkeunana
memperbesar,ngagedéan
memperbolehkannya,ngidinan manéhna
mempercayai,mercayaan
mempercayakan,mercayakeun
memperhatikan,nengetan
memperingati,miéling
memperkenalkan,ngawanohkeun
memperketat,ngaheureutkeun
memperkuat,nguatkeun
memperlihatkan,nempokeun
memperoleh,meunang
memperoleh,nampa
memperolok-olok,ngaléléwé
memperpanjang,manjangkeun
mempersiapkan,nyiapkeun
mempertahankan,ngabéla
mempertanyakan,nananyakeun
mempertaruhkan,nandonkeun
mempertebal,ngandelan
mempertimbangkan,nimbang-nimbang
memproduksi,mroduksi
mempunyai,miboga
memuaskan,nyugemakeun
memudahkan,ngagampangkeun
memuja,muja
memuji,muji
memukul,neunggeul
memukul,nakol
memukuli,neunggeulan
memulai,mitembeyan
memulai,eungkeut-eungkeut
memuliakan,ngamuliakeun
memulihkan,nyageurkeun
memungkinkan,matak bisa
memupuk,ngagemukan
memutar,muter
memutuskan,megatkeun
men,nga
menabuh,nabeuh
menabur,ngawur
menagih,nagih
menahan,nahan
menaiki,naékan
menaikkan,naékkeun
menambah,nambahan
menambahkan,nambahan
menampilkan,mintonkeun
menampung,nandéan
menampungnya,nandéanana
menanam,melak
menancap,nyeceb
menancap,mebes
menancapkan,mancegkeun
menandakan,nandakeun
menandaskan,nanjeurkeun
menandatangani,nandatanganan
menanduk,ngagadil
menang,meunang
menangani,nungkulan
menanggapi,nanggepan
menanggung,nanggung
menangis,ceurik
menangkap,nyerek
menangkap,néwak
menangkapi,néwakan
menantang,nangtang
menanti,ngadagoan
menantu,minantu
menanyakan,nanyakeun
menargetkan,nargétkeun
menari,rampayak
menarik,metot
menatap,melong
menawar,ngawar
menawarkan,nawarkeun
mencabut,nyabut
mencakar,ngaut
mencakar,ngerewes
mencakup,ngawengku
mencanangkan,ngémbarkeun
mencangkul,macul
mencangkulnya,maculna
mencapai,ngahontal
mencaplok,nyapluk
mencari,néangan
mencari-cari,ngotéktak
mencatat,nyatet
mencatatkan,nyatet
mencegah,nyegah
mencela,nyempad
mencela,nyegék
mencela,nyawad
menceritakan,nyaritakeun
mencibir,ngajebian
mencicil,nyicil
mencicipi,ngasaan
mencicipi,nyicip
mencintai,mitresna
menciptakan,nyiptakeun
mencium,nyium
menciumi,ngagaléntoran
mencoba,mecakan
mencoba,nyobaan
mencoba,ngajaran
mencoba-coba,nyoba-nyoba
mencontohkan,nyontoan
mencopot,nyopot
mencuat,ngajaul
mencuci,kukumbah
menculik,nyulik
mencuri,maok
mencurigakan,matak curiga
mendadak,dumadakan
mendaftar,ngadaptar
mendalami,neuleuman
mendampingi,gondeng
mendapat,meunang
mendapatkan,meunangkeun
mendarat,badarat
mendasar,ngadasar
mendatang,ka hareup
mendatangkan,ngadatangkeun
mendayung,ngawelah
mendekam,ngadekem
mendekam,depa
mendekap,ngakeup
mendekati,ngadeukeutan
mendekatkan,ngaraketkeun
mendeklarasikan,ngadéklarasikeun
mendelik,ngadelék
mendengar,ngadéngé
mendengar,ngareungeu
mendengarkan,ngaregepkeun
mendera,tumiba
menderita,nalangsara
mendesak,nyedek
mendesak,ngadesek
mendidih,ngagolak
mendidik,ngatik
mendingan,leuheung
mendirikan,ngadegkeun
mendistribusikan,ngadistribusikeun
mendongak,dangah
mendongengkan,ngadongéngkeun
mendorong,nyorong
mendorong,nyurungkeun
menduga,nyangka
mendukung,ngarojong
mendung,ceudeum
mendung,haleungheum
mendung,angkeub
mendung,meded
menegakkan,ngadegkeun
menegaskan,negeskeun
menekuni,ngaleukeunan
menelan,nelen
meneliti,nalungtik
menemani,maturan
menemani,marengan
menembak,némbak
menembakkan,némbakkeun
menembus,nembus
menempatkan,nempatkeun
menempel,adek
menempeleng,nyabok
menemui,manggihan
menemui,nepungan
menemuinya,nepungan manéhna
menemukan,manggihan
menendang,nalapung
menengah,tengahan
menengok,ngalayad
menentukan,nangtukeun
menerangkan,ngajelaskeun
menerapkan,nerapkeun
menerapkannya,ngalarapkeunana
menerbitkan,medar
meneriakkan,ngajorowokeun
menerima,nampa
menerima,narima
menerkam,ngerekeb
menerobos,moncor
menerpa,numiba
meneruskan,neruskeun
menetapkan,netepkeun
menetes,nyakclakan
menewaskan,niwaskeun
mengabaikan,teu malire
mengabari,méré béja
mengacu,ngarujuk
mengadakan,ngayakeun
mengaduk,ngagaley
mengaduk,ngocék
mengadukan,ngadukeun
mengagumkan,matak hélok
mengagungkan,ngagungkeun
mengajak,ngajak
mengajari,ngawurukan
mengajarkan,ngajarkeun
mengajukan,ngusulkeun
mengakhiri,mungkas
mengakibatkan,ngabalukarkeun
mengaku,ngaku
mengakui,ngaku
mengalah,ngéléhan
mengalahkan,ngéléhkeun
mengalami,ngalaman
mengalir,ngocor
mengalir,nyérélék
mengalirkan,ngocorkeun
mengamankan,ngamankeun
mengamati,nitetan
mengamati,ngimeutan
mengambil,ngala
mengambil,nyokot
mengamuk,ngamuk
mengancam,ngancem
mengandalkan,ngandelkeun
mengandung,kakandungan
mengandung,ngandung
menganga,ngangah
menganga,engab
menganggap,nganggap
menganggapnya,nganggap hal éta
menganggarkan,nganggarkeun
mengangguk,unggeuk
menganggur,ngaligeuh
mengangkang,ngangkang
mengangkut,ngunjalan
menganiaya,nganiaya
mengantar,nganteur
mengantarkan,nganteurkeun
mengantisipasi,nyegah
mengantongi,ngantongan
mengantuk,tunduh
menganut,ngagem
menganut,nganut
mengapa,naha
mengapresiasi,ngahargaan
mengarak,ngarak
mengarang,ngarang
mengarungi,ngambah
mengasah,ngasah
mengasumsikan,ngasumsikeun
mengatakan,ngomong
mengatasi,nungkulan
mengatasnamakan,ngaku-ngaku
mengaum,ngagerem
mengayun,ngayun
mengayunkan,ulang
mengebiri,kabiri
mengebutkan,ngirabkeun
mengecer,ngécér
mengecewakan,nguciwakeun
mengeduk,ngeduk
mengejan,ngaheujeun
mengejar,ngudag
mengelak,nyingcet
mengelas,ngelas
mengelilingi,ngalingkung
mengelola,ngokolakeun
mengelompok,ngajumpluk
mengeluarkan,ngaluarkeun
mengeluh,ngageuri
mengeluh,humandeuar
mengembalikan,mulangkeun
mengembangkan,ngembangkeun
mengembara,ngumbara
mengenai,ngeunaan
mengenakan,maké
mengenal,mikawanoh
mengenali,mikawanoh
mengendalikan,ngadalikeun
mengendarai,numpakan
mengentuti,ngabekokan
mengepalkan,ngeupeulkeun
mengepel,ngepél
mengepul,ngebul
mengepung,ningker
mengerahkan,ngaluarkeun
mengering,jadi garing
mengeringkan,ngagaringkeun
mengerjakannya,migawena
mengerumuni,ngarubung
mengeser-geser,ngagésér-gésér
mengetahui,nyaho
mengevakuasi,mindahkeun (évakuasi)
menggabungkan,ngagabungkeun
menggali,ngadongkar
menggali,ngali
menggambarkan,ngagambarkeun
menggandeng,ngaléng
mengganggu,ngaganggu
mengganggu,ngaréwong
mengganjal,ngaganjel
mengganti,ngaganti
menggantikan,ngagantikeun
menggantinya,ngagantina
menggantungkan,ngagantungkeun
menggapai,ngahontal
menggapai-gapai,ngaroés
menggarap,nyambut
menggelegar,ngabeledag
menggeliat,nguliat
menggembala,ngangon
menggembung,melendung
menggenang,nguyumbang
menggendong,ngais
menggerakkan,ngusikkeun
menggigil,ngadégdég
menggigit,ngégél
menggiling,ngagiling
menggoreng,ngagoréng
menggosok,ngosok
menggosok-gosok,ngagusrukan
menggotong,ngagotong
menggumpal,ngadigleg
menggunakan,ngagunakeun
menggunakannya,makéna
mengguncang,ngoyagkeun
menggusur,ngagusur
menghabiskan,méakkeun
menghadap,nyanghareup
menghadap,ngadep
menghadapi,nyanghareupan
menghadapinya,nyanghareupanana
menghadiahi,ngadoan
menghadiahkan,ngado
menghadiri,ngahadiran
menghadiri,ngaluuhan
menghafal,ngapalkeun
menghalang-halangi,mapalangan
menghalau,ngagebah
menghampar,ngampar
menghancurkan,ngancurkeun
menghapalkan,ngapalkeun
mengharap,miharep
mengharap/melakukan,lahuta
mengharapkan,ngarep-ngarep
menghargai,ngajénan
menghargai,ngahargaan
mengharukan,matak kagagas
mengharuskan,ngudukeun
menghasilkan,ngahasilkeun
menghasut,ngawisuna
menghasut,ngangson
menghaturkan,ngahaturkeun
menghebohkan,matak ibur
menghentikan,ngeureunkeun
mengherankan,matak olohok
menghibur,upah
menghidupkan,ngahirupkeun
menghilang,ngaleungit
menghilang,ngiles
menghilangkan,ngaleungitkeun
menghina,ngécé
menghindarkan,nyingcetkeun
menghisap,ngenyot
menghitung,ngitung
menghormati,ngahormatan
menghubungkan,nyambungkeun
menghubungkannya,nyambungkeunana
mengidentifikasi,mikawanoh
mengigau,ngagundam
mengigau,ngalindur
mengikuti,miluan
mengikuti,nuturkeun
mengimani,ngimanan
mengimbangi,ngimbangan
mengindahkan,esto
mengingat,nginget
mengingatkan,ngingetkeun
menginginkan,hayangeun
mengingsud,ngésod
menginjak-nginjak,ngaleyek
menginstruksikan,maréntahkeun
mengintip,ngintip
mengira,mikir
mengirim,ngirim
mengirimkan,ngirimkeun
mengisi,ngeusian
mengistirahatkan,ngareureuhkeun
mengkal,mengkel
mengkerut,murengked
mengkhawatirkan,pikahariwangeun
mengobarkan,ngobarkeun
mengocok,ngoclok
mengolah,ngokolakeun
mengonggong,ngagogogan
mengontrak,ngontrak
mengontraknya,ngontrak manéhna
mengontrol,ngadalikeun
mengorbankan,ngorbankeun
mengoreksi,ngoréksi
menguap,heuay
menguasai,ngawasa
menguatkan,nguatkeun
mengubah,ngarobah
mengubur,ngaruang
mengucap,ngedalkeun
mengucapkan,ngedalkeun
mengultimatum,ngultimatum
mengulum,ngolomoh
mengumpulkan,ngumpulkeun
mengumumkan,nyalabarkeun
mengunci,nulak
mengundang,ngangkir
mengundang,ngondang
mengundurkan,mundurkeun
mengungkap,ngungkab
mengungkapkan,ngungkabkeun
mengunjungi,ngadatangan
menguntungkan,nguntungkeun
mengunyah,ngagayem
mengunyah,nyapék
mengupas,mesék
mengupayakan,narékahan
mengurangi,ngurangan
menguras,nguras
mengurung,ngerem
mengurungkan,ngabolaykeun
mengurus,ngurus
mengurusi,nguruskeun
mengusahakan,narékahan
mengusir,ngabuburak
mengusir,ngusir
mengutamakan,ngutamakeun
mengutarakan,ngedalkeun
mengutip,nyutat
mengutus,ngutus
meniadakan,ngeuweuhkeun
menikah,nikah
menikahi,nikah ka
menikahinya,nikah ka manéhna
menikmati,ngarasakeun
menilai,meunteun
menimbulkan,ngabalukarkeun
menimpa,tumiba
menindaklanjuti,neruskeun
menindas,nandasa
menindih,nindihan
meninggal,maot
meninggalkan,ninggalkeun
meningkatkan,ngaronjatkeun
meninjau,ngalanglang
meninjau,ngadongdon
menipis,ngipisan
menipisnya,ngaipisanana
menipu,gerejud
menipu,linyok
meniru-niru,niron-niron
menisik,ngajarumat
menistakan,nganistakeun
menit,
menitan,
menjabat,nyekel kalungguhan
menjadi,jadi
menjadikan,ngajadikeun
menjadikannya,ngajadikeunna
menjaga,ngajaga
menjahit,ngécos
menjahit,ngaput
menjajah,ngabawah
menjajah,ngajajah
menjalani,ngajalanan
menjalankan,ngajalankeun
menjalankannya,ngajalankeunana
menjamin,ngajamin
menjangkau,ngadongkang
menjanjikan,ngajangjian
menjarangkan,nyarangkeun
menjatuhkan,ngalabuhkeun
menjatuhkan,ngagubragkeun
menjawab,némbalan
menjejali,dedel
menjelang,nyanghareupan
menjelaskan,ngécéskeun
menjelma,ngajanggélék
menjemput,mapag
menjerat,ngured
menjerit,ngajerit
menjinjing,ngajingjing
menjolok,ngajul
menjorok,nyodor
menjual,ngajual
menjuluki,nelahan
menjumpai,nepungan
menjunjung,ngajungjung
menolak,nampik
menoleh,ngalieuk
menolong,nulungan
menonton,lalajo
mentah,atah
mentang,abong
menteri,
mentertawakan,geuhgeuy
menua,ngolotan
menuangkan,nyicikeun
menuding,nyangka
menuduh,nuduh
menuju,nuju
menukar,nukeur
menular,tépa
menulis,nulis
menuliskan,nuliskeun
menuliskannya,nuliskeunana
menumbuhkan,numuwuhkeun
menumpang,numpang
menumpas,numpes
menumpuk,numpuk
menunaikan,ngalakukeun
menundukkan,nungkulkeun
menunggu,nungguan
menunggu-nunggu,nunungguan
menunjang,ngarojong
menunjangnya,ngarojongna
menunjuk,nunjuk
menunjuk-nunjuk,nununjuk
menunjukkan,némbongkeun
menuntaskan,ngaréngsékeun
menuntut,nungtut
menurun,mudun
menurunkan,nurunkeun
menurunnya,turunna
menurut,nurutkeun
menurut,ngagugu
menurutnya,ceuk manéhna
menusuk,nojos
menutup,nutupan
menutupi,nutupan
menutupkan,nutupkeun
menuturkan,ngunggelkeun
menyabet,nyabet
menyadap,nyadap
menyadari,nyadar
menyakitkan,nyelekit
menyaksikan,nyaksian
menyala,murub
menyalahi,nyalahan
menyalak,ngagogog
menyalin,nyutat
menyalurkan,nyalurkeun
menyamai,madanan
menyamakan,nyaruakeun
menyamar,nyamur
menyambar,nyamber
menyambut,ngabagéakeun
menyampaikan,nepikeun
menyampuk,ngabintih
menyangka,nyangka
menyangkal,teu ngaku
menyangkut,ngait
menyanjung,muji
menyapu,nyapu
menyarankan,ngusulkeun
menyaring,ngayak
menyatakan,nyatakeun
menyatu,awor
menyebabkan,ngabalukarkeun
menyebarkan,nyebarkeun
menyebut,nyebutkeun
menyebutkan,nyebutkeun
menyediakan,nyadiakeun
menyedihkan,matak hanjelu
menyehatkan,nyageurkeun
menyekat,menggel
menyelamatkan,nyalametkeun
menyelaraskan,nyaluyukeun
menyelesaikan,ngabéréskeun
menyelidiki,nalungtik
menyelusuri,maluruh
menyembelih,meuncit
menyembunyikan,nyumputkeun
menyempurnakan,nyampurnakeun
menyempurnakannya,nyampurnakeunana
menyenangi,resep kana
menyenangkan,nyenangkeun
menyengaja,ngadon
menyengat,nyeureud
menyentil,nyintreuk
menyentuh,nyabak
menyepakati,nyatujuan
menyepuh,nyipuh
menyerah,nyerah
menyerahkan,mikeun
menyerang,narajang
menyerap,nyerepan
menyerbu,nyerbu
menyeringai,nyengir
menyerupai,nyarupaan
menyesal,kaduhung
menyesal,hanjakal
menyetujui,nyatujuan
menyewa,nyéwa
menyiapkan,nyiapkeun
menyikapi,nganggepan
menyimpan,nunda
menyinggung,nyigeung
menyingkirkan,nyingkahkeun
menyisakan,nyésakeun
menyisi,nyisi
menyisihkan,ngagéhan
menyodorkan,ngasongkeun
menyorot,moncorong
menyuapi,ngahuapan
menyukai,mikaresep
menyulitkan,ngahésékeun
menyumbang,nyumbang
menyumbat,nyandet
menyurati,nyuratan
menyuruh,ngajurung
menyusul,nyusul
menyusun,nyusun
menyusup,nyalusup
mepet,samporét
meraba-raba,ngayap
meracik,ngaracik
meragukan,cangcaya
merah,beureum
meraih,ngahontal
merajai,mingpin
merajalela,mahabu
merajuk,ngurihit
meralat,ngaralat
meramaikan,ngareuah-reuah
merampas,ngajabél
merancang,ngararancang
meranggas,pugur
merangkak,ngorondang
merangkul,ngagabrug
merapikan,ngarapikeun
merasa,ngarasa
merasa-rasakan,ngararasakeun
merasakan,ngarasakeun
merayakan,ngarayakeun
merayap,ngarayap
merdeka,merdika
merdu,halimpu
merebut,ngarebut
mereka,maranéhanana
merekam,ngarékam
meremehkan,ngamomorékeun
merendam,ngeueum
merenggut,ngadudut
merevisi,ngarévisi
merica,pedes
merinci,ngawincik
merindukan,sono kana
meringis,muringis
meringkuk,ngaringkuk
merk,mérek
merkuri,mérkuri
merobek,nyoékkeun
merobek-robek,ngajejewét
merodok,ngarojok
merokok,ngudud
meronda,langlang
merpati,japati
mertua,mitoha
mertuanya,mitohana
merubah,ngarobah
merugikan,ngarugikeun
merujuk,ngarujuk
merumuskan,ngarumuskeun
merupakan,mangrupa
merusak,ngarusak
mesin,
mesjid,masjid
meski,cacak
meskipun,sanajan
mesti,kudu
mestinya,sakuduna
meter,méter
meteran,méteran
metoda,padika
metode,padika
metro,métro
mewadahi,ngawadahan
mewah,mentéréng
mewakili,ngawakilan
mewariskan,ngawariskeun
mewarnai,ngawarnaan
mewujudkan,ngawujudkeun
mewujudkannya,ngawujudkeunana
meyakini,ngayakinan
miliar,milyar
milik,
miliki,piboga
milikna,
miliknya,bogana
militer,
milyar,
milyar,
milyaran,
milyarnya,milyarna
mimpi,ngimpi
minggu,
mingguan,
mini,
minimal,saeutikna
minoritas,
minta,ménta
minum,arot
minum,inum
minuman,inuman
minumannya,inumanana
minyak,
miring,doyong
miring,medeng
mirip,rimbag
mirip,jiga
misalnya,contona
miskin,
mitra,
mobil,
modal,
mode,
model,modél
modem,modém
moderen,modéren
mohon,ménta
momentum,moméntum
momok,hahalang
mondar-mandir,wara-wiri
montok,bahénol
montok,lintuh
monyet,monyét
moril,
motor,
mual,seueul
muatan,
muda,ngora
mudah,gampang
mudah-mudahan,susuganan
mudahnya,gampangna
mujarab,ampuh
muka,beungeut
mukul,peupeuh
mulai,mimiti
mulailah,mimitian
mulia,megah
muluskan,muluskeun
mulut,sungut
mulutnya,sungutna
mumpung,meungpeung
munafik,munapék
muncul,mecenghul
mundur,
mundurnya,mundurna
mungkin,meureun
muntah,utah
muntahnya,utahna
murah,
muram,mesum
murung,nguluwut
museum,musieum
musibah,balai
musik,musik
musim,usum
muslim,
muslimat,
muslimin,
mustahil,
mustika,
musuh,satru
mutlak,
nabi,
nafkah,napakah
nafsu,napsu
nah,tah
naik,naék
nakal,bangor
nama,ngaran
namanya,ngaranna
namun,tapi
nangis,ceurik
nanti,engké
nantinya,engkéna
napas,ambekan
narapidana,sakitan
nasi,sangu
nasib,
nasional,
nasrani,
navigasi,
negara,nagara
negaranya,nagarana
negatif,négatif
negeri,nagari
nelayan,pamayang
nenas,ganas
nenek,nini
neraka,naraka
ngaco,
ngambil,nyokot
nganggur,
ngapain,keur naon
ngasih,méré
nge,nga
ngebut,kebut
ngelamun,ngalamun
ngelanjutin,neruskeun
ngepit,ngempit
nggak,teu
ngiler,ngelay
ngobrak-ngabrik,ngubrak-abrik
ngomong,
ngulum,ngabaheum
niat,
nih,yeuh
nikmatnya,nikmatna
nilai,peunteun
niru,nyiru
nol,enol
nomor,nomer
nonton,lalajo
nopember,nopémber
november,nopémber
nular,tépa
nurani,
nusantara,
nya,na
nyaman,merenah
nyamuk,reungit
nyaris,ampir
nyata,téla
nyata,
nyawa,
nyawanya,nyawana
nyeri,
nyetrika,ngalicin
nyetrika,ngaléot
nyobain,nyobaan
obat,ubar
obrolannya,obrolanna
oh,baruk
oktober,
olah,
olahraga,
ole,olé
oleh,ku
oleng,ngagaléong
omong,bacot
ongkos,waragad
operasi,
opini,
oposisi,
optik,
orang,jalma
orangnya,jelemana
orangtua,kolot
oranye,oranyeu
organisasi,
otak,polo
otobiografinya,otobiografina
otomatis,
otomotif,
otoritas,
pabrik,
pacar,kabogoh
pacarnya,kabogohna
paceklik,nguyang
paceklik,paila
pacet,pacét
pada,dina
padahal,
padahal,malaur
padam,pareum
padat,mundel
padi,paré
pagar,pager
pagi,isuk-isuk 
pagi-pagi,isuk-isuk 
paginya,isukna
paha,pingping
paham,
pahit,pait
pahlawan,
pajak,pajeg
pakai,paké
pakaian,pakéan
pake,paké
paksa,
paling,pang
palsu,
palu,
paman,emang
paman,amang
paman,paman
paman,mamang
pancaindra,pancadria
pandang,tempo
pandangan,tetempoan
panen,panén
panggilan,panggero
pangkalan,
pangkatnya,pangkatna
pangku,pangkon
panglima,
pangling,kalinglap
panjang,embat
panjang,
pantai,basisir
pantasnya,pantesna
pantat,bujur
papan,
para,
paradoks,
parah,parna
paria,
pariwisata,
parkir,
partai,partéi
partainya,partéina
paruh,pamatuk
parut,parud
pas,
pasak,paseuk
pasalnya,pasalna
pasangannya,papasanganana
pasar,
pasca,pasca
pasir,keusik
pasokan,kiriman
paspor,
pasrah,
pasti,
pasukan,
patah,tugel
patah,pites
patah/lepas,gelenceng
paten,patén
patroli,
patung,
patungan,udunan
patut,
payudara,pinareup
payung,
pecah,peupeus
pedagang,padagang
pedas,lada
pedesaan,pilemburan
pedih,peurih
pedoman,padoman
peduli,paduli
pegal,cangkeul
pegangan,cecekelan
pegawai,pagawé
pegulat,tukang gulat
pejabat,pajabat
pejuang,pajoang
pekan,minggu
pekerja,pagawé
pekerjaan,pagawéan
pekerjaan,pakasaban
pelabuhan,palabuhan
pelajaran,palajaran
pelaksanaan,palaksanaan
pelaku,palaku
pelaminan,puadé
pelan,anca
pelancong,turis
pelanggan,langganan
pelanggannya,langgananna
pelanggaran,palanggaran
pelangi,kuwung-kuwung
pelangi,katumbiri
pelarian,buronan
pelariannya,buronanna
pelat,cadel
pelatih,palatih
pelatihan,palatihan
pelayan,ladén
pelayan,badéga
pelayanan,pangladén
pelepah,palapah
peleset,solédat
pelicin,gemuk
pelihara,pulasara
pelindung,nu ngajaga
pelipis,palipisan
peluang,kasempetan
pelupa,limpeuran
peluru,pélor
pemahaman,pamahaman
pemain,pamaén
pemakai,pamaké
pemakaian,pamakéan
pemalas,pangedulan
pemalu,kemba
pemanah,pamanah
pemandangan,tetempoan
pemanis,mamanis
pemantauan,pangimeutan
pemasaran,pamasaran
pematang,galengan
pembaca,pamaca
pembajakan,pabajoan
pembanding,bandingan
pembangunan,pangwangunan
pembatas,pangwates
pembawa,nu mawa
pemberitahuan,béja
pemberitahuan,uar
pembersihan,beberesih
pembiayaan,pabiayaan
pembuat,nu nyieun
pembukaan,bubuka
pemelihara,pamulasara
pemeluk,pangagem
pemenang,pinunjul
pemeriksa,pamariksa
pemeriksaan,pamariksaan
pemerintah,pamaréntah
pemerintahan,pamaréntahan
pemikiran,pamikiran
pemilik,nu boga
pemiliknya,nu bogana
pemimpin,pamingpin
pemimpinnya,pamingpinna
pemimpinnya,pupuhuna
pemodal,pamodal
pemrogram,pamrogram
pemrograman,pamrograman
pemuda,nonoman
pemuda,pamuda
pemujanya,pamujana
pemukul,paneunggeul
pemukulnya,panakolna
penahan,tahanan
penakut,borangan
penampungan,panandéan
penanda,tanda
penangkap,nu néwak
penangkapan,prosés néwak
penasaran,geremet
penata,nu nata
penawaran,panawaran
pencarian,panéangan
pencipta,panyipta
penciptaan,panyiptaan
pencopotan,panyopotan
pendanaan,ngadanaan
pendapat,pamadegan
pendek,pondok
pendekar,jawara
pendiam,antieum
pendidikan,atikan
pendidikannya,atikanana
pendiri,pangadeg
penduduk,nu nyicingan
pendukung,nu ngarojong
penegak,pangadeg
penelitian,panalungtikan
penembak,panémbak
penempatan,nempatkeun
penentu ,panangtu
penerbangan,pangapungan
penerima,panarima
pengadaan,ngayakeun
pengadilan,pangadilan
pengajaran,pangajaran
pengakuan,pangakuan
pengalaman,pangalaman
pengalaman,luang
penganggur,pangangguran
pengangguran,pangangguran
pengantar,panganteur
penganut,panganut
pengap,mabek
pengaruh,pangaruh
pengaturan,pangaturan
pengawal,ponggawa
pengawas,pangawas
pengecut,kecingan
pengelola,nu ngokolakeun
pengembalian,pangbalikan
pengemudi,supir
pengemudinya,jurumudina
pengen,hayang
pengenalan,ngawanohan
pengetahuan,pangaweruh
pengetahuan,kanyaho
pengetahuannya,pangaweruhna
pengganti,gaganti
penggantinya,gagantina
penggarap,nu nyambut
penggilingan,panggilingan
pengguna,pamaké
penggunaan,pamakéan
penghargaan,pangajén
penghasilan,pangasilan
penghentian,eureunna
penghinaan,panghina
penghujung,panungtung
pengikut,pamilu
pengikutnya,pamiluna
penguasa,pangawasa
penguasaan,pangawasaan
pengumuman,béwara
pengumuman,émbaran
pengunjung,nu datang
pengunjungnya,nu datangna
pengurus,pangurus
pengusaha,pangusaha
pengutang,nu ngahutang
penilaian,pameunteunan
peninggalan,titilar
peningkatan,kanaékan
penis,sirit
penjaga,nu ngajaga
penjagaan,pangjagaan
penjajah,pangjajah
penjajahan,pangjajahan
penjajahannya,pangjajahanana
penjara,panjara
penjelasan,wawaran
penjelasan,guaran
penjual,padagang
penolakan,tampikan
penonton,panongton
pensiun,pangsiun
penting,
pentingnya,pentingna
penuh,kebek
penuh,pinuh
penularan,népana
penulis,nu nulis
penunggu,panunggu
penutup,panutup
penyakit,panyakit
penyaluran,panyaluran
penyamun,karaman
penyebab,cukang lantaran
penyebaran,sumebarna
penyehatan,panyéhatan
penyelam,palika
penyelamat,panulung
penyelenggara,nu ngayakeun
penyelesaiannya,jawabanana
penyempurna,panyampurna
penyerahan,seserahan
penyiksaan,panyiksa
penyok,pényon
penyokong,pangrojong
penyumbatan,panyocokan
pepaya,gedang
pepes,pais
pepohonan,tatangkalan
per,pér
per/panjang,emplad
pera,béar
perabot,parabot
perahu,parahu
perak,pérak
peralatan,parabot
perampok,bajo
peranan,lalakon
perang,yuda
perang,
perangkat,pakakas
perasaan,rarasaan
peraturan,aturan
perbaharui,weuteuhan
perbedaan,béda
perbedaannya,bédana
perberasan,pabéasan
perbuatan,gawéna
percaya,andel
percaya,
percayalah,sing percaya
percik,cérét
perdamaian,katengtreman
perempatan,parapatan
perempuan,awéwé
pergi,kencling
pergi,indit
perguruan,paguron
perhitungan,itungan
peri,puteri
peribahasa,paribasa
perihnya,peurihna
periksa,pariksa
perilaku,laku-lampah
peringati,ngingetan
perintah,paréntah
periode,période
peristiwa,kajadian
perjalanan,lalampahan
perjanjian,jangji-pasini
perkakas,pakakas
perkampungan,pilemburan
perkara,
perkataan,omongan
perlahan,lalaunan
perlawanan,lalawanan
perlente,pedengkreng
perlindungan,panangtayungan
perlu,perlu
perlukan,perlukeun
perlunya,perluna
permainan,kaulinan
permasalahan,masalah
permata,rukmi
permintaan,paménta
permisi,punten
permukiman,padumukan
pernah,kungsi
persahabatan,ngababaturan
persegi,pasagi
persembunyian,panyumputan
persen,persén
persidangan,sidang
persoalan,masalah
persoalan,pasualan
persoalannya,pasualanana
persyaratan,pasaratan
pertahankan,béla
pertama,kahiji
pertamanya,kahijina
pertanahan,pataneuhan
pertanian,tatanén
pertanyaan,patarosan
pertempuran,perang
pertemuan,pasamoan
pertimbangan,wiwaha
pertimbangan,adeuh
pertimbangan,tinimbangan
pertimbangkan,nimbang-nimbang
pertunjukan,pintonan
perubahan,parobahan
perumahan,padumukan
perunggu,parunggu
perusahaan,pausahaan
perut,beuteung
perwakilan,wawakil
pesan,talatah
pesanan,pesenan
pesantren,pasantrén
pesek,demés
pesing,hangseur
pesisir,basisir
pesuruh,kabayan
petai,peuteuy
petang,soré
petani,patani
petaninya,patanina
petir,guludug
petugas,patugas
piagam,piagem
piatu,pahatu
pidana,
pidato,biantara
pihaknya,pihakna
pijat,pencét
pikir,
pikir/hati,manah
pikiran,
pikirannya,pikiranana
pikirkan,pikirkeun
pilih,
pilihan,
pilihan,paluk
pilihnya,pilihna
pimpinan,pupuhu
pimpinan,lulugu
pincang,péngkor
pindah,
pinggang,cangkéng
pinggir,sisi
pingin,hayang
pingsan,kapidara
pinjam,injeum
pink,kayas
pintar,singer
pintu,panto
pipi,damis
pipih,gepéng
pipis,papang
pipit,piit
pirang,pérang
piranti,pakakas
pisang,cau
pisau,péso
pistol,péstol
pita,
planet,planét
plin-plan,tégtog
pohon,tangkal
pokok,poko
pokoknya,pokona
pola,
poligami,ngawayuh
polimer,polimér
polisi,pulisi
politeisme,politéisme
politik,pulitik
politiknya,pulitikna
politisi,pulitisi
popor,
populasi,
porno,cawokah
portalnya,portalna
posisi,
posisinya,posisina
potong,
prajurit,soldadu
prakteknya,praktékna
praktik,prakték
pranala,tumbu
premium,
presiden,présidén
pria,lalaki
pribadi,
pribumi,
prihatin,perih
private,pribadi
produk,
produksi,
produksinya,produksina
produsen,produsén
profesional,profésional
program,
programna,
promosi,
prosedur,
proses,prosés
proteksi,nangtayungan
provinsi,propinsi
proyek,proyék
puas,sugema
pubertas,begér
publik,umum
pucat,sepa
pudar,péang
pukul,babuk
pukulan,teunggeulan
pula,ogé
pulang,balik
pulas,pules
pulau,pulo
puluh,
puluhan,
pun,ogé
puncak,ponclot
puncak,penclut
pundak,taktak
punggung,tonggong
pungutan,
puntir,
puntung,kuntung
punya,boga
pupuk,bérak
purnawirawan,
pusar,bujal
pusat,puseur
pusing,lieur
pusing,juwet
pustaka,
putar,golang
putar,puter
putih,bodas
putra,
putus,pegat
putus/buntung,rampal
putusan,
putuskan,putuskeun
raba,nyapa
rabu,rebo
rabun,lamur
raga,badan
ragam,wanda
ragu-ragu,hamham
rahasia,rusiah
rahim,pianakan
raib,ngiles
raja,
rajin,getol
raksasa,
raksasa,buta
raksasa,yaksa
rakus,gambuhang
rakus,rampus
rakyat,rahayat
ramadhan,ramadan
ramah,daréhdéh
ramah,soméah
rambu,aturan
rambut,buuk
rame,ramé
rampok,bégal
ranah,wewengkon
rancangan,rarancang
rancangannya,rarancangna
rangkaian,runtuyan
rangkap,rangkep
rangkul,
rangkuman,
rangsang,
ranting,régang
rapat,rapet
rapi,rapih
rasa,
rasakan,rasakeun
rasanya,rasana
rasul,rosul
rata,
ratu,
ratus,
rawa,ranca
rawan,werit
raya,
rayap,rinyuh
rebah,ngedeng
rebah,ayeuh
rebahan,ngedeng
rebus,kulub
rebutan,gorényang
redaksi,rédaksi
referensi,référénsi
regulasi,
rekaman,rékaman
rekan,batur
rekannya,baturna
rektor,réktor
religi,
rem,erém
remah,réméh
remaja,rumaja
remas,rames
remas,ngagacel
remuk,pejret
rencana,
rencananya,rencanana
rendah,pendék
rendam,keueum
rentang,wengkuan
renyah,rangu
replika,réplika
republik,
residen,résiden
resmi,
retak,rengat
ribu,rébu
ribuan,rébuan
rindu,sono
rindukan,pikasono
ringan,hampang
ringkik,hiem
ringsek,rikes
rintangan,aral
ris,
risiko,mamala
roboh,rebah
roboh,rubuh
roda,kikiping
rokok,roko
rokoknya,rokona
rontok,murudul
rotan,hoé
ruang,rohang
ruangan,rohangan
rugi,
rujukan,
rukun,
rumah,imah
rumahku,imah kuring
rumahnya,imahna
rumpun,rungkun
rumput,jukut
rupa,patut
rupanya,kutan
rusak,ruksak
rusak,garah
rusak/hancur,lebur
rutinnya,rutinna
saat,waktu
saatnya,waktuna
sabana,sampalan
sabar,
sabda,pidawuh
sabtu,saptu
sadar,
saham,
sains,
saja,waé
saking,saking
sakit,gering
sakit,nyeri
sakit-sakitan,tiktikbrek
sakit-sakitan,ririwit
saksi,
saksikan,saksian
saku,pésak
salah,
salahnya,salahna
salam,
salat,solat
salinan,
saling,pating
saling,papada
saling,silih
sama,sarua
sama-sama,pada-pada
samawi,
sambil,bari
sambungnya,sambungna
sambutan,pangbagéa
sambutannya,pangbagéana
sampah,runtah
sampai,nepi ka
sampan,parahu
samper,sampeur
samperin,sampeurkeun
samping,gigireun / sabeulah
sana,ditu
sandera,sandra
sangat,pohara
sangat,kacida
sanggul,
sanggup,sanggup
sangka,
sangkar,kurung
sangkut,cangkol
sanksi,hukuman
santai,salsé
santai,antaré
sapi,
saran,bongbolongan
sarapan,mumuluk
sastra,
sate,saté
satria,
satu,hiji
satu-satunya,hiji-hijina
satuan,hijian
saudara,baraya
saung,
sawah,sérang
saya,kuring
sayang,nyaah
sayang,lebar
sayangnya,hanjakalna
sayap,jangjang
sayup-sayup,hawar-hawar
seakan,kawas
seandainya,lamun
seantero,sakuliah
searah,saarah
sebab,sabab
sebabnya,sababna
sebagai,minangka
sebagaimana,sakumaha
sebagainya,sajabana
sebagian,sawaréh
sebagian,sabagian
sebaiknya,leuwih hadé
sebal,sebel
sebaliknya,sabalikna
sebalnya,sebelna
sebangsa,sabangsa
sebanyak,saloba
sebatang,sabatang
sebelah,palebah
sebelah,sabeulah
sebelahnya,gigireunana
sebelas,sabelas
sebelum,saméméh
sebelumnya,saméméhna
sebenarnya,sabenerna
sebenernya,sabenerna
sebentar,sakeudeung
sebentar,sakeudeung 
seberang,peuntas
seberang,sabrang
seberapa,sabaraha
sebesar,sagedé
sebesar-besarnya,sagedé-gedéna
sebetulnya,sabenerna
sebuah,hiji
sebulan,sabulan
sebut,
sebutan,
secangkir,sacangkir
secara,sacara
secepatnya,sagancangna
sedang,keur
sedangkan,sedengkeun
sedap,sedep
sedemikian,sakitu
sederhana,basajan
sedia,cawis
sedih,hanjelu
sedikit,saeutik
sedikitnya,saeutikna
sedot,
seduh,tinyuh
seember,saémbér
seenaknya,sahabekna
segala,sagala
segan,ajrih
segar,seger
segelas,sagelas
segenap,sakabéh
segera,geura-giru
segi,sagi
sehabis,sabéak
seharga,saharga
sehari,sapoé
sehari-hari,sapopoé
seharian,sapoé jeput
seharusnya,sakuduna
sehat,cageur
sehingga,ku kituna
seimbang,saimbang
sejajar,sajajar
sejak,saprak
sejalan,saluyu
sejarah,sajarah
sejarahnya,sajarahna
sejati,sajati
sejauh,sajauh
sejumlah,sajumlah
sejuta,sajuta
sekadar,saukur
sekali,sakali
sekalian,sakalian
sekaligus,sakaligus
sekampung,sakampung
sekarang,ayeuna
sekarang,ayeuna
sekarang,kiwari
sekarat,sakarat
sekat,aling
sekecil,saleutik
sekedar,saukur
sekejap,sakotéap
sekeras,satarik
sekian,sakitu
sekilas,sakolébat
sekiranya,sakirana
sekitar,kira-kira
sekitarnya,sakurilingna
sekolah,sakola
sekolahnya,sakolana
sekongkol,samiuk
sekotamadya,sakotamadya
sekrup,
seks,séks
sekuat-kuatnya,satakerna
sekurang-kurangnya,sakurang-kurangna
sel,sél
sela,antara
selain,sajaba
selaku,salaku
selalu,sok
selama,salila
selamanya,salawasna
selamat,wilujeng
selamat,rahayu
selamat,salamet
selamat,jamuga
selamatkan,salametkeun
selangkangan,palangkakan
selanjutnya,saterusna
selasa,salasa
selat,gupitan
selatan,kidul
selebihnya,saleuwihna
selebriti,
selendang,karémbong
selengkapnya,salengkepna
selesai,réngsé
selesaikan,pungkaskeun
selimut,simbut
selingkuh,nyandung
selisih,ganjor
selisihnya,ganjorna
selisik,salisik
selokan,kamalir
seluas,salega
seluas-luasnya,sajembar-jembarna
selubung,solobong
selular,sélular
selundupan,sulundupan
seluruh,sakumna
semacam,sarupaning
semakin,beuki
semalam,sapeuting
semangat,sumanget
semangatnya,sumangetna
semasa,sawaktu
semaunya,sakahayangna
sembarang,sambarang
sembari,bari
sembelih,peuncit
sembilan,salapan
sembilu,hinis
sembunyi-sembunyi,rerencepan
semena-mena,telenges
semenjak,saprak
sementara,samentara
semestinya,sakuduna
semiliar,samilyar
semilyar,samilyar
seminar,
semoga,muga
sempat,sempet
sempit,heureut
sempit(rumah),rupek
sempitnya,heureutna
sempoyongan,dalugdag-daligdeg
sempurna,sampurna
semua,kabéh
semua,saréréa
semuanya,kabéhanana
semula,mimitina
semut,sireum
senandung,hariring
senang,gumbira
senantiasa,sok
senapan,bedil
senapannya,bedilna
senat,sénat
senator,sénator
sendiri,sorangan
sendirian,sorangan
sendok,séndok
seng,sééng
sengaja,ngahaja
senggol,todél
sengsara,tunggara
seni,
senilai,saajén
senilai,sajumlah
senin,senén
senjata,pakarang
senjatanya,pakarangna
sensitif,sénsitip
sentil,sintreuk
sentimeter,séntiméter
sentuh,toél
seolah,kawas lamun
seorang,saurang
sepadan,sabanding
sepak,sépak
sepakat,sapuk
sepakat,ragem
sepanjang,sapanjang
sepantasnya,sawajarna
separuh/sebagian,paro
sepasang,sapasang
sepatu,sapatu
sepatutnya,sawajarna
sepeda,sapédah
sepekan,saminggu
sepengetahuan,sakanyaho
sepenuhnya,sapinuhna
seperempat,saparapat
seperti,sabangsaning
seperti,saperti
seperti,kawas
sepertinya,jigana
sepet,kesed
sepi,
sepoi,hiliwir
sepoi-sepoi,hiliwir
september,séptember
sepuh,sipuh
sepulang,sabalikna
sepuluh,sapuluh
sepupu,misan
seragam,saragam
serak,peura
serakah,sarakah
seramai,saramé
serang,
serangkaian,sauntuyan
seratus,saratus
serba,sarwa
serbu,
serdadu,soldadu
seremonial,sérémonial
serempak,rampak
seri,gedeg
seri,séri
seribu,sarébu
serikat,sarikat
sering,mindeng
seringkali,remen ogé
sersan,
serta,sarta
sertifikat,sértipikat
serumah,saimah
serupa,sarupa
sesaat,sajongjonan
sesak,sesek
sesama,sasama
sesamanya,sasamana
sesekali,sakali-kali
seseorang,hiji jalma
sesuai,luyu
sesuatu,hiji hal
sesudahnya,satutasna
sesungguhnya,saéstuna
setahun,sataun
setanah,salemah
setapak,satapak
setara,sarimbag
setelah,sanggeus
setempat,satempat
setengah,satengah
seteru,musuh
seterusnya,saterusna
setia,satia
setianya,satiana
setiap,saban
setiap kali,unggal
setibanya,sanepina
setidak-tidaknya,sahenteuna
setidaknya,sahenteuna
setinggi,saluhur
setriliun,satrilyun
setrilyun,satrilyun
setuju,sapuk
seumpamanya,saupamana
seumur,saumur
seusai,saréngsé
sewajarnya,sabongbrong
sewaktu,sawaktu
sewaktu-waktu,sawaktu-waktu
shalat,solat
shaum,siam
sholat,solat
shubuh,subuh
sial,apes
siang,beurang 
siap,
siapa,saha
siapakah,saha téa
siapapun,saha ogé
siapkan,siapkeun
sibuk,riweuh
sidang,
sifat,sipat
sifatnya,sipatna
sigap,tapis
sih,da
sikap,daweung
sikap,dangong
silahkan,mangga
silakan,sumangga
silam,tiheula
silih,silih
silinder,
simak,regep
simbol,
simpan,simpen
simpul,tumbu
sindiran,
singkat,singget
singkatan,singgetan
singkong,sampeu
sini,dieu
sinilah,dieu
sinyalemen,kira-kira
sipil,
sipit,pétét
sirih,seureuh
sirip,cécépét
sisa,sésa
sisanya,sésana
sisi,
sisik,sisit
sisipan,rarangkén
sistem,
sistematis,
siswa,
situ,dinya
situasi,kaayaan
situlah,dinya
situs,loka
siuk,
siul,héot
skala,
skandal,
slogan,
slogannya,sloganna
soal,
soalnya,soalna
sobek,soéh
sodor,asong
solder,patri
sombong,songong
sombong-sombong,sarombong
sopan,
sopir,supir
sore,soré 
sorot,moncorong
sosial,
sreg,cocog
stadion,
stamina,
standar,
statusnya,statusna
strategi,
studi,
suami,salaki
suamiku,salaki kuring
suaminya,salakina
suara,gentra
suara,sora
suaranya,sorana
suasana,kaayaan
suatu,hiji
subdirektorat,
subjek,jejer
subsidi,subsidi
substitusi,gaganti
suci,
sudah,geus
suka,resep
sukarelawan,sukarélawan
sukses,suksés
suku,
sulit,hésé
sulitnya,héséna
sultan,
sulung,cikal
sumbang,
sumbangan,
sumber,asal
sumur,
sungai,walungan
sungguh,éstuning
sungguhan,nyaan
supaya,sangkan
suplemen,suplemén
surat,
suratnya,suratna
suruh,titah
susah,hésé
susahnya,héséna
susu,
susunan,
syarat,sarat
syariah,saréat
syariat,saréat
taat,
tabiat,tabéat
tablig,tablég
tabu,pamali
tadi,
tadinya,tadina
tagihan,
tahan,
tahu,nyaho
tahu,weruh
tahun,warsih
tahun,taun 
tahunan,taunan
tajam,seukeut
tak,teu
takabur,adigung
takabur,kumalungkung
takar,taker
takbiran,
takut,sieun
tambah,émboh
tambahan,
tambahnya,tambahna
tambat,uger
tampak,kasampak
tampaknya,kasampak
tampung,tandé
tamu,sémah
tanah,taneuh
tanahnya,taneuhna
tanam,pelak
tanaman,pepelakan
tanda,
tandan,turuy
tanduk,
tandus,angar
tangan,leungeun
tangannya,leungeunnya
tangga,
tanggal,
tanggalan,ping
tanggapan,waleran
tanggung,
tangis,ceurik
tangkapan,tangkepan
tangkis,takis
tangsi,
tani,
tanjung,ujung
tanjung,jojontor
tanpa,
tantangan,tangtangan
tanya,
tape,peuyeum
tapi,tapi
taraf,tingkat
target,udagan
tari,igel
tarif,
tarik,kenyang
taring,sihung
tata,
tatanan,
tatapan,paneuteup
tauhid,
taurat,
tawakal,tawekal
tawaran,
tawon,nyiruan
tebal,kedewil
tebal,kandel
tebalnya,kandelna
tebang,tuar
tebing,gawir
tebu,tiwu
teduh,iuh
tegak,ajeg
tegang,ranteng
tegang,panteng
tegang,rangkeng
tegap,tegep
tegar,teger
tegas,teges
tegaskan,tegeskeun
tegasnya,tegesna
teguh,
teh,téh
tekebur,takabur
teknik,téknik
teknis,téknis
teknologi,téknologi
tekun,leukeun
telah,geus
telak,nenggel
telan,legleg
telanjang,buligir
telanjang,taranjang
telanjur,kagok
telat,
telaten,tulatén
telekomunikasi,télékomunikasi
telepon,
televisi,télévisi
telinga,ceuli
telinganya,ceulina
teliti,taliti
teliti,tarapti
telpon,telepon
telungkup,ngadapang
telunjuk,curuk
telur,endog
tema,téma
teman,réncang
teman-temannya,babaturanana
temannya,baturna
tembaga,tambaga
tembakan,témbakan
tembakau,bako
tembem,cambepem
tembem,kebi
tembus,parat
tempat,
tempatnya,tempatna
tempo,témpo
tempurung,batok
temuan,timuan
temukan,manggihan
tenaga,tanaga
tenang,
tendangan,tajongan
tender,ténder
tengadah,dangah
tengah,keur
tengah,tengah
tengah,keur
tenggak,regot
tenggelam,tikerelep
tenggorokan,tikoro
tenggorokan,genggerong
tengkurap,ngadakom
tenis,tenis
tentang,ngeunaan
tentara,soldadu
tentu,tangtu
tentu,puguh
tentunya,tinangtu
tenun,tinun
teorinya,téorina
tepat,pas
tepatnya,benerna
tepung,tipung
terakhir,pamungkas
teralami,kasorang
teramati,katiténan
terampil,tabah
terancam,kaancam
terang,caang
terang,padang
terang-terangan,jelas
terangkut,kakunjal
terangnya,cenah
teraniaya,katandasa
terapi,tatamba
teras,tepas
terasa,karasaeun
terasi,tarasi
teratasi,katungkulan
terbagi,kabagi
terbahak-bahak,ceuceuleukeuteukan
terbakar,kabeuleum
terbang,ngapung
terbang,hiber
terbaru,panganyarna
terbatas,kawates
terbawa,kabawa
terbayang,kabayang
terbenam,surup
terbentuk,kabentuk
terbentur,ngageduk
terbesar,panggedéna
terbesar,pangbadagna
terbiasa,biasa
terbilang,kaitung
terbilang,kawilang
terbit,medal
terbongkar,kabongkar
terbuat,dijieun
terbuka,kabuka
terbukti,kabuktian
terburuk,panggoréngna
tercapai,kahontal
tercatat,kacatet
terdaftar,kadaptar
terdahulu,tiheula
terdapat,aya
terdekat,pangdeukeutna
terdengar,kadéngé
terdengarnya,kedengena
terdiri,diwangun
terendam,kakeueum
tergabung,kagabung
tergambarkan,kagambarkeun
terganggu,kagamah
terganggu,kaganggu
tergantung,gumantung
tergenang,kakeueum
tergenggam,kakeupeul
tergerak,kausikkeun
tergesa-gesa,dagdégdog
tergila-gila,kapéngpéongan
terguling,tiguling
terguling-guling,gogoléncéngan
terhadap,ka
terhambat,kahalangan
terhenti,kaeureunkeun
terhormat,dipihormat
terhubung,nyambung
terhuyung-huyung,rarampéolan
teriak,gorowok
teriak,corowok
teriakin,jorowokan
terigu,tarigu
terima,tarima
terimalah,pék tarima
teringat,kainget
terisi,kaeusi
terjadi,lumangsung
terjaga,kajaga
terjal,gurawés
terjang,tarajang
terjangkau,kahontal
terjemah,tarjamah
terjemahan,tarjamahan
terjengkang,tijengkang
terjerumus ,tikusruk
terjun,
terkadang,sakapeung
terkait,patali
terkandung,kaeusi
terkejut,kagét
terkena,kakeunaan
terkenal,kakoncara
terkenal,kasohor
terkenal,kawéntar
terkenal,kaceluk
terkenal,kahot
terkepung,katingker
terkulai,ngeplek
terlaksana,kabiruyungan
terlambat,telat
terlanjur,kagok
terlantar,katalayah
terlatih,kalatih
terlayani,kalayanan
terlebih,leuwih
terlentang,nangkarak
terlepas,leupas
terletak,perenahna
terlibat,kalibet
terlihat,katémbong
terlihat,katempo
terlihat,kasampak
terlihat,katénjo
terluka,tatu
terlunta-lunta,kadungsang-dungsang
terlupakan,kapopohokeun
termahal,pangmahalna
termasuk,kaasup
termenung,ngahuleng
ternak,ingon-ingon
ternama,kahot
ternyata,tétéla
terobos,torobos
teropong,toropong
teroris,téroris
terowongan,torowongan
terpaksa,kapaksa
terpanggang,kabeuleum
terpeleset,tikoséwad
terpenting,pangpentingna
terpenuhi,kapinuhan
terperangah,ngajenghok
terperosok,ngagebros
terpikir,kapikir
terpikirkan,kapikirkeun
terputus,kapegatkeun
tersangka,kasangka
tersebar,sumebar
tersebarnya,sumebarna
tersebut,kasebut
tersedia,sadia
tersembunyi,demit
tersenggol,kadupak
tersentak,ngajenghok
tersenyum,imut
tersenyum,mésem
tersenyum,kéom
tersesat,kasasar
tersipu-sipu,ngeleketek
tersisa,cangkaruk
tertahan,kaampeuh
tertahan,kakandeg
tertarik,kabita
tertarik,kabetot
tertawa,seuri
tertawa-tawa,saleuseurian
tertawaan,piseurieun
tertembak,katémbak
tertentu,nu tangtu
tertib,lantip
tertimbun,katuruban
tertinggal,tinggaleun
tertinggi,pangluhurna
tertitipi,katitipan
tertolong,katulung
tertuang,kacicikeun
tertulis,ditulis
tertunduk,tungkul
tertutup,katutup
tertutup(pintu),peundeut
tertutupi,katutupan
terukur,kaukur
terungkap,kaungkab
terus,terus
terus-menerus,mayeng
terutama,utamana
terwujud,kabiruyungan
terwujudnya,ngawujudna
tetangga,tatangga
tetap,tetep
tetapi,tapi
tetaplah,angger
tewas,tiwas
tewaskan,tiwaskeun
tiada,euweuh
tiang,tihang
tiap,unggal
tiba,anjog
tiba-tiba,dumadakan
tiba-tiba,ujug-ujug
tidak,henteu
tidak....saja,weléh
tidaklah,teu pisan-pisan
tidur,saré
tidur-tiduran,gégéléhéan
tiga,tilu
tikar,samak
tikus,beurit
timbangan,
timbulnya,timbulna
timbunan,bulenan
timur,wétan
tindak,lampah
tinggal,
tinggal,ancik
tinggalkan,tinggalkeun
tinggi,luhur
tingginya,jangkungna
tingkah,
tingkat,
tingkatkan,ronjatkeun
tinjau,langlang
tinjauan,langlangan
tinju,
tipe,
tipis,ipis
tipisnya,ipisna
tips,
tipu,
tirai,lalangsé
tirainya,lalangséna
tiri,téré
tiris,tuus
titik,
titip,pihapé
tiupan,
toko,
tokoh,inohong
tolak,tampik
toleransi,toléransi
tolong,tulung
tombak,tumbak
tomboy,jalingkak
tongkat,iteuk
tonjok,
tonjol,
topik,
total,
totol,tutul
tradisi,talari
triliun,
trinitas,
truk,treuk
tsb,kasebut
tua,kolot
tubuh,awak
tubuhnya,awakna
tugas,pancén
tugu,
tuhan,pangéran
tujuan,
tujuan,paran
tujuannya,tujuanana
tujuh,
tukar,tukeur
tuker,tukeur
tulang,
tuli,torék
tulis,
tulisan,
tuliskan,tuliskeun
tumbang,runtuh
tumbén,sinarieun
tumbuh,tumuwuh
tumbuh-tumbuhan,tutuwuhan
tumbuhnya,tumuwuhna
tumit,keuneung
tumpah,bahé
tumpang,
tumpas,tumpes
tumpul,mentud
tumpul,mintul
tunas,sirung
tunggal,
tunggu,
tunjang,
tunjuk,
tunjukkan,tunjukkeun
tuntut,tungtut
tuntutan,tungtutan
turun,
turunan,
turut,
tutup,
tutur,ceuk
tutur,unggel
tuyul,kecit
uang,duit
uang,artos
uap,saab
ubah,obah
uban,huis
ubun-ubun,embun-embunan
ucap,kedal
ucapan,omongan
ucapan,kedalan
udang,hurang
udang,ogan
udara,hawa
udel,bujal
ujar,ceuk
ujarnya,cenahna
ujub,
ujung,tungtung
ujungnya,tungtungna
ukuran,
ulah,kalakuan
ulama,ajengan
ulang,deui
ulat,hileud
umat,
umbi,beuti
umpama,upama
umpamanya,upamana
umpan,eupan
umrah,umroh
umum,parok
umum,
umumnya,umumna
umur,
undangan,ondangan
undangannya,ondanganna
unggul,punjul
ungkap,ungkab
ungkapan,babasan
ungkapnya,kedalna
ungu,bungur
ungu,wungu
unit,
universitas,
unsur,
untuk,ajang
untuk,jeungeun
untuk,pikeun
untung,
untungnya,untungna
upacara,
upaya,usaha
uraian,babaran
urusan,
usah,perlu
usaha,
usai,réngsé
usia,umur
usil,haru
usul,
usulan,bongbolongan
usus,peujit
utama,
utamanya,utamana
utang,sambetan
utara,kalér
utuh,beleger
utuh,gembleng
utusan,
utusannya,utusanna
valas,
verifikasi,
versi,vérsi
video,vidéo
wafatnya,maotna
wajah,beungeut
wajahnya,beungeutna
wajar,
wajib,
wakil,
wakil,wawakil
wakil-wakilnya,wakil-wakilna
waktu,
waktu,wanci
waktu,wayah
waktunya,waktuna
walau,cacak
walaupun,sanajan
wangi,seungit
wanita,awéwé
wanita,wanoja
wanita/istri,istri
waras,
warga,
warganegara,warganagara
warna,kelir
warnanya,warnana
wartawan,
warung,
watak,watek
wawancara,
wc,pacilingan
web,ramat
wewangian,seuseungitan
wibawa,komara
wibawanya,komarana
wilayah,wewengkon
wisata,
wudu,wulu
wujudnya,wujudna
ya,enya
yahudi,
yaitu,nyaéta
yakin,
yakni,nyaéta
yang,anu
yatim ,yatim
yayasan,
yg,anu
zabur,
zakat,
zaman,jaman
